franchise,franchiseID,clientName,clientID,serviceLocation,streetNo,locationStreet,state,city,zip,contactName
Nashville,45,Centurion Stone,9439,"7201 Cockrill Bend Boulevard  NASHVILLE, TN 37209",7201,Cockrill Bend Boulevard,TN,NASHVILLE,37209.0,Accounts Payable - Penny Wade
Nashville,45,SPX,11720,"332 Nichol Mill Ln  FRANKLIN, TN 37067",332,Nichol Mill Ln,TN,FRANKLIN,37067.0,Freddy Camacho
Nashville,45,Roscoe Brown Inc,1185,"959 N Thompson Lane  MURFREESBORO, TN 37129",959,N Thompson Lane,TN,MURFREESBORO,37129.0,Roscoe Brown AP
Nashville,45,800 Packouts,1475,"7103 Cardinal Lane  FAIRVIEW, TN 37062",,,,,,Berrian Webb
Nashville,45,Olhausen Billiards,12797,"1124 Vaughn Parkway  PORTLAND, TN 37148",1124,Vaughn Parkway,TN,PORTLAND,37148.0,Accounting A/P processing
Nashville,45,Power Equipment,13718,"320 Waldron rd  LA VERGNE, TN 37086",320,Waldron rd,TN,LA VERGNE,37086.0,Accounts Payable
Nashville,45,Guardian Moving Systems,6974,"1421 Gould Boulevard  LA VERGNE, TN 37086",1421,Gould Boulevard,TN,LA VERGNE,37086.0,Accounts Payable
Nashville,45,Safelite AutoGlass Nashville,14566,"815 Cowan St  NASHVILLE, TN 37207",815,Cowan St,TN,NASHVILLE,37207.0,Tiffany Knight
Nashville,45,Gutterglove,13973,"431 Mason Rd  LA VERGNE, TN 37086",431,Mason Rd,TN,LA VERGNE,37086.0,Accounts Payable
Nashville,45,Home Lift,17303,"3901 Charlotte Pike  NASHVILLE, TN 37209",3901,Charlotte Pike,TN,NASHVILLE,37209.0,Richard Eller
Nashville,45,Allison Companies,17258,"760 Old Dickerson Pike  GOODLETTSVILLE, TN 37072",760,Old Dickerson Pike,TN,GOODLETTSVILLE,37072.0,Jonathan Allison
Nashville,45,Elmington Property Management,10085,"3940 Apache Trail  ANTIOCH, TN 37013",3940,Apache Trail,TN,ANTIOCH,37013.0,AP Invoices
Nashville,45,T.A. America Corporation,13837,"300 Tech Park Drive  LA VERGNE, TN 37086",300,Tech Park Drive,TN,LA VERGNE,37086.0,Dinah David
Nashville,45,Hunter Industrial,17700,"180 Threet Industrial Road  SMYRNA, TN 37167",180,Threet Industrial Road,TN,SMYRNA,37167.0,Ben Pugh
Nashville,45,BEACON ROOFING SUPPLY - NASHVILLE BRANCH/440,17654,"1707 River Hills Drive  NASHVILLE, TN 37210",1707,River Hills Drive,TN,NASHVILLE,37210.0,David Barham
Nashville,45,Demand Mechanical,15763,"149 Park South Ct  NASHVILLE, TN 37210",149,Park South Ct,TN,NASHVILLE,37210.0,AP Accounts Payable
Nashville,45,Ferguson,18003,"111 Century Court  FRANKLIN, TN 37064",111,Century Court,TN,FRANKLIN,37064.0,WDS Waste Invoicing
Nashville,45,Pilot Freight Services - BNA,17789,"1405 Heil Quaker Boulevard  LA VERGNE, TN 37086",1405,Heil Quaker Boulevard,TN,LA VERGNE,37086.0,Brian Dickson
Nashville,45,PrimeSource DC-60,17500,"498 Bridgestone pkwy  LEBANON, TN 37090",498,Bridgestone pkwy,TN,LEBANON,37090.0,AP-DCInvoices primesource
Nashville,45,Coleman,17314,"114 W. Trinity Lane  NASHVILLE, TN 37207",114,W. Trinity Lane,TN,NASHVILLE,37207.0,Accounts Payable
Nashville,45,BEACON ROOFING SUPPLY - NASHVILLE BRANCH/436,17888,"33 Fairfield Ave  NASHVILLE, TN 37210",33,Fairfield Ave,TN,NASHVILLE,37210.0,Dale Cook
Nashville,45,California Closets,12283,"2528 Eugenia Ave  NASHVILLE, TN 37211",2528,Eugenia Ave,TN,NASHVILLE,37211.0,Accounting
Nashville,45,Capitol Wholesale Fence,13800,"1200 Lebanon RD.  NASHVILLE, TN 37210",1200,Lebanon RD.,TN,NASHVILLE,37210.0,AP - Daniel murphy
Nashville,45,Cort Furniture,4846,"280 Industrial Boulevard  LA VERGNE, TN 37086",280,Industrial Boulevard,TN,LA VERGNE,37086.0,Invoices Accounts
Nashville,45,Chef's Deal Restaurant Equipment,10024,"708 Dickerson Pike  NASHVILLE, TN 37207",708,Dickerson Pike,TN,NASHVILLE,37207.0,William Bergener
Nashville,45,Jamison Steel Rule Die Inc,4430,"1532 Sarah Court  MURFREESBORO, TN 37129",1532,Sarah Court,TN,MURFREESBORO,37129.0,Gary Rapier
Nashville,45,Depor Industries,12968,"1022 Fred White Blvd  PORTLAND, TN 37148",1022,Fred White Blvd,TN,PORTLAND,37148.0,Invoices - Yilin Zhang
Nashville,45,Cook and Boardman,1093,"650 Southgate Avenue  NASHVILLE, TN 37203",650,Southgate Avenue,TN,NASHVILLE,37203.0,Accounts Payable
Nashville,45,Durante Home Exteriors,6575,"5100 Linbar Dr Suite 130  NASHVILLE, TN 37211",5100,Linbar Dr Suite 130,TN,NASHVILLE,37211.0,Accounts Payable
Nashville,45,Huskey Truss & Building Supply,2208,"200 Beasley Drive  FRANKLIN, TN 37064",200,Beasley Drive,TN,FRANKLIN,37064.0,Accounts Payable
Nashville,45,Sundek,12463,"301 space park north  GOODLETTSVILLE, TN 37072",301,space park north,TN,GOODLETTSVILLE,37072.0,Will Burley
Nashville,45,ABC Supply - Columbia,20151,"1516 Nashville Highway  COLUMBIA, TN 38401",1516,Nashville Highway,TN,COLUMBIA,38401.0,Karen McNamara
Nashville,45,Cooper General,20180,"5501 Centrepointe Drive  LA VERGNE, TN 37086",5501,Centrepointe Drive,TN,LA VERGNE,37086.0,Dannis Roque
Nashville,45,Old Dominion Freight Lines - NAS/63,20276,"1250 Bridgestone Parkway  LA VERGNE, TN 37086",1250,Bridgestone Parkway,TN,LA VERGNE,37086.0,Chris Hunt
Nashville,45,Dyke Industries,17807,"255 Maddox rd  MOUNT JULIET, TN 37122",255,Maddox rd,TN,MOUNT JULIET,37122.0,Prince Peters
Nashville,45,Southerland Sleep,20565,"6050 Dana Way  NASHVILLE, TN 37013",6050,Dana Way,TN,NASHVILLE,37013.0,Southerland Sleep AP
Nashville,45,United Rentals,24911,"1436 Heil Quaker Boulevard  LA VERGNE, TN 37086",1436,Heil Quaker Boulevard,TN,LA VERGNE,37086.0,Chad Hester
Nashville,45,Alabama Foundation Specialists,24880,"1519 Heil Quaker Boulevard  LA VERGNE, TN 37086",1519,Heil Quaker Boulevard,TN,LA VERGNE,37086.0,Nicole Cottle
Nashville,45,Metal Moulding Corporation,25234,"1225 Northgate Business Parkway  MADISON, TN 37115",1225,Northgate Business Parkway,TN,MADISON,37115.0,Carol Smallwood
Nashville,45,Cornerstone Mechanical,24340,"401 Maple Avenue  NASHVILLE, TN 37210",401,Maple Avenue,TN,NASHVILLE,37210.0,Becky Oakes
Nashville,45,Coleman Tractor - Clarksville,25559,"550 Alfred Thun Road  CLARKSVILLE, TN 37040",550,Alfred Thun Road,TN,CLARKSVILLE,37040.0,Josh Briggs
Nashville,45,BEACON ROOFING SUPPLY - CLARKSVILLE BRANCH/437,24675,"819 Power Street  CLARKSVILLE, TN 37042",819,Power Street,TN,CLARKSVILLE,37042.0,Laura Ussery
Nashville,45,Franke,21136,"800 Aviation Parkway  SMYRNA, TN 37167",800,Aviation Parkway,TN,SMYRNA,37167.0,Paula Pewitt
Nashville,45,Color Burst Landscaping,26909,"245 Wilson Pike Circle  BRENTWOOD, TN 37027",245,Wilson Pike Circle,TN,BRENTWOOD,37027.0,Katie Miller
Nashville,45,BH Electronics,27715,"4815 East Highway 70  WHITE BLUFF, TN 37187",4815,East Highway 70,TN,WHITE BLUFF,37187.0,Kristin Dietel
Nashville,45,DB Schenker,24961,"870 Steel Stock Road  CLARKSVILLE, TN 37043",870,Steel Stock Road,TN,CLARKSVILLE,37043.0,invoicing
Nashville,45,Day Transfer Moving & Storage,27942,"520 South Spring Street  CLARKSVILLE, TN 37040",520,South Spring Street,TN,CLARKSVILLE,37040.0,Jamie Trip
Nashville,45,Tenn Sheet Metal,28249,"40 fant industrial drive  MADISON, TN 37115",40,fant industrial drive,TN,MADISON,37115.0,Tina Wright
Nashville,45,PDI - Nashville,28765,"90 Oldham Street  NASHVILLE, TN 37213",90,Oldham Street,TN,NASHVILLE,37213.0,Rachel Hadley
Nashville,45,Exterior Wholesale Supply,28769,"360 Quecreek Circle  SMYRNA, TN 37167",360,Quecreek Circle,TN,SMYRNA,37167.0,Stephanie Rochelle
Nashville,45,Valeo,24964,"611 Enon Springs Road East  SMYRNA, TN 37167",611,Enon Springs Road East,TN,SMYRNA,37167.0,Steve Warehouse Manager
Nashville,45,ABC Supply - Clarksville,28110,"4386 Guthrie Hwy  CLARKSVILLE, TN 37040",4386,Guthrie Hwy,TN,CLARKSVILLE,37040.0,Annette Boyd
Nashville,45,ProScapes,30853,"1131 West Main St  FRANKLIN, TN 37065",1131,West Main St,TN,FRANKLIN,37065.0,Will Adrews
Nashville,45,Madison Swimming Pools LLC,30381,"1416 Dickson Road  Goodlettesville, TN 37072",1416,Dickson Road,TN,Goodlettesville,37072.0,Kenneth Gleaves
Nashville,45,Simply Gutters,30153,"1107 Baptist World Center Drive  NASHVILLE, TN 37207",1107,Baptist World Center Drive,TN,NASHVILLE,37207.0,Colby Armstrong
Nashville,45,RRW/Store Opening Solutions-54221,31588,"5509 Centrepointe Drive  LA VERGNE, TN 37086",5509,Centrepointe Drive,TN,LA VERGNE,37086.0,RRW/Store Opening Solutions
Nashville,45,Rubicon/Artisent Floors - Nashville,28561,"1320 Elm Hill Pike  NASHVILLE, TN 37210",1320,Elm Hill Pike,TN,NASHVILLE,37210.0,Artisent Floors AR
Nashville,45,Sole Supports,32807,"7674 Tennessee 7  LYLES, TN 37098",7674,Tennessee 7,TN,LYLES,37098.0,Ken Burks
Nashville,45,Ascend Wireless Networks,32995,"161 Bain Drive B  LA VERGNE, TN 37086",161,Bain Drive B,TN,LA VERGNE,37086.0,Invoicing
Nashville,45,IBP of Nashville,33020,"309 Driftwood Street  NASHVILLE, TN 37210",309,Driftwood Street,TN,NASHVILLE,37210.0,Justin Mincey
Nashville,45,Pratt (Converting Division Nashville) LLC,30291,"320 Tech Park Drive  LA VERGNE, TN 37086",320,Tech Park Drive,TN,LA VERGNE,37086.0,Neal Owen
Nashville,45,Heritage Tile Co. LLC,32197,"360 Robert S Brown Dr  CLARKSVILLE, TN 37043",360,Robert S Brown Dr,TN,CLARKSVILLE,37043.0,Matt Nichols
Nashville,45,Inner City Ministry,33886,"1000 Apex Street  NASHVILLE, TN 37206",1000,Apex Street,TN,NASHVILLE,37206.0,Denise Porter
Nashville,45,HPI Corporation,34008,"2230 Pembroke Road  HOPKINSVILLE, KY 42240",2230,Pembroke Road,KY,HOPKINSVILLE,42240.0,Alex Patnode
Nashville,45,Hogebuilt,6432,"784 Bill Jones Industrial Drive  SPRINGFIELD, TN 37172",784,Bill Jones Industrial Drive,TN,SPRINGFIELD,37172.0,Daniel Garcia
Nashville,45,Window World - Bowling Green,33535,"324 Dishman Lane  BOWLING GREEN, KY 42101",324,Dishman Lane,KY,BOWLING GREEN,42101.0,Phil Brooks
Nashville,45,Window World,32931,"313 N Riverside Dr  CLARKSVILLE, TN 37040",313,N Riverside Dr,TN,CLARKSVILLE,37040.0,Window World Clarksville Billing
Nashville,45,New Market Waste/ABB INC. - ELECTRIFICATION - CS01,21850,"200 Challenger Drive  PORTLAND, TN 37148",200,Challenger Drive,TN,PORTLAND,37148.0,Payables
Nashville,45,Niedergeses Landscape,36600,"2443 Park Plus Dr  COLUMBIA, TN 38401",2443,Park Plus Dr,TN,COLUMBIA,38401.0,Jenny NA
Nashville,45,Tennsco,30536,"201 Tennsco Road  DICKSON, TN 37055",201,Tennsco Road,TN,DICKSON,37055.0,Jason Capps
Nashville,45,"DOMIS, Inc",33064,"1070 International Blvd  CLARKSVILLE, TN 37040",1070,International Blvd,TN,CLARKSVILLE,37040.0,Domis AP
Nashville,45,Clarus Contents,566,"845 Middle Tennessee Blvd, Suite F  MURFREESBORO, TN 37129",845,"Middle Tennessee Blvd, Suite F",TN,MURFREESBORO,37129.0,Clarus accounting Sheila
Nashville,45,ServPro - Belle Meade/West Nashville/9423,746,"2322 Clifton Ave  NASHVILLE, TN 37209",2322,Clifton Ave,TN,NASHVILLE,37209.0,Keith W/ Servpro
Nashville,45,Nashville Office Interiors,11009,"828 Cowan street Unit D  NASHVILLE, TN 37207",828,Cowan street Unit D,TN,NASHVILLE,37207.0,Rick Carpenter
Nashville,45,BFC Solutions,33550,"730 Freeland Station Road  NASHVILLE, TN 37228",730,Freeland Station Road,TN,NASHVILLE,37228.0,John Paul Darden
Nashville,45,Ingram Express,412,"320 Hill Ave  NASHVILLE, TN 37210",320,Hill Ave,TN,NASHVILLE,37210.0,Mike Miles
Nashville,45,Long Hollow Church,20303,"3031 Long Hollow Pike  HENDERSONVILLE, TN 37075",3031,Long Hollow Pike,TN,HENDERSONVILLE,37075.0,Duane Trapp
Nashville,45,Goodall,2496,"255 Old Douglas Rd  GALLATIN, TN 37066",255,Old Douglas Rd,TN,GALLATIN,37066.0,Lance Allingham
Nashville,45,LG Electronics,564,"101 Life's Good Way  CLARKSVILLE, TN 37040",101,Life's Good Way,TN,CLARKSVILLE,37040.0,Julianne Rantala
Nashville,45,Artisan Custom Homes,29933,"1587 Eastwood Drive  BRENTWOOD, TN 37027",1587,Eastwood Drive,TN,BRENTWOOD,37027.0,James Buckley
Nashville,45,M & A Supply,10229,"194 River Hill Dr  NASHVILLE, TN 37210",194,River Hill Dr,TN,NASHVILLE,37210.0,Jerry Hare
Nashville,45,Richland Building Partners,5372,"3908 Harding Place  NASHVILLE, TN 37215",3908,Harding Place,TN,NASHVILLE,37215.0,Jamie Dowdall
Nashville,45,HAIL & COTTON INC.,37856,"2500 S Main Street  SPRINGFIELD, TN 37172",2500,S Main Street,TN,SPRINGFIELD,37172.0,Ricky Hall
Nashville,45,AccuWorks,467,"4344 Ashland City Highway  NASHVILLE, TN 37218",4344,Ashland City Highway,TN,NASHVILLE,37218.0,Emily Slaton
Nashville,45,RRW/Ceva FM-29686,20277,"505 Darrell Waltrip Drive  LEBANON, TN 37090",505,Darrell Waltrip Drive,TN,LEBANON,37090.0,Alicia Snyder
Nashville,45,Western  Plastics,37452,"105 Western Dr  PORTLAND, TN 37148",105,Western Dr,TN,PORTLAND,37148.0,Drew Mexic
Nashville,45,Noble Constructors,23259,"3057 Patton Branch Road  GOODLETTSVILLE, TN 37072",3057,Patton Branch Road,TN,GOODLETTSVILLE,37072.0,Daniel Brimmer
Nashville,45,Beaman Auto Wholesale Parts Warehouse,7676,"615 Davidson Street  NASHVILLE, TN 37213",615,Davidson Street,TN,NASHVILLE,37213.0,Caleb Granstaff
Nashville,45,PGW - NASHVILLE / 530,7675,"1922 Old Murfreesboro Pike  NASHVILLE, TN 37217",1922,Old Murfreesboro Pike,TN,NASHVILLE,37217.0,Paul Jones
Nashville,45,Craters and Freighters - Nashville,13610,"131 Jones Blvd  LA VERGNE, TN 37086",131,Jones Blvd,TN,LA VERGNE,37086.0,Stephanie Staats
Nashville,45,Focus Builders,703,"4001 Sneed Road  NASHVILLE, TN 37215",4001,Sneed Road,TN,NASHVILLE,37215.0,Seth Focus
Nashville,45,Service King,3274,"200 Main Street  NASHVILLE, TN 37213",200,Main Street,TN,NASHVILLE,37213.0,Lee Sparkman
Nashville,45,Hutton Homes,38003,"5930 Cairo bend rd  LEBANON, TN 37087",5930,Cairo bend rd,TN,LEBANON,37087.0,Tyler Hutton
Nashville,45,Icon Mechanical,24341,"1325 Elm Hill Pike  NASHVILLE, TN 37210",1325,Elm Hill Pike,TN,NASHVILLE,37210.0,Jonathan Hatcher
Nashville,45,"Moffitt Builders, LLC",12907,"812 18th Avenue South  NASHVILLE, TN 37203",812,18th Avenue South,TN,NASHVILLE,37203.0,Ross Moffitt
Nashville,45,B Creative Construction,2347,"1731 Cherokee Drive  LEBANON, TN 37087",1731,Cherokee Drive,TN,LEBANON,37087.0,Brittan Jones
Nashville,45,Dynamic Life Cycle Innovations,19726,"3520 Ambrose Avenue  NASHVILLE, TN 37207",3520,Ambrose Avenue,TN,NASHVILLE,37207.0,Valerie Bennett
Nashville,45,Tri Imaging,28828,"10 Fant Industrial Drive  MADISON, TN 37115",10,Fant Industrial Drive,TN,MADISON,37115.0,Tri Imaging
Nashville,45,Boise Cascade,36746,"560 airport rd  GALLATIN, TN 37066",560,airport rd,TN,GALLATIN,37066.0,Marshall Trawick
Nashville,45,Ferguson Of Bowling Green,36859,"943 Lovers Lane  BOWLING GREEN, KY 42101",943,Lovers Lane,KY,BOWLING GREEN,42101.0,Michael Kilby
Nashville,45,Tortuga Capitol,22085,"121 Glenmont Drive  NASHVILLE, TN 37210",121,Glenmont Drive,TN,NASHVILLE,37210.0,Ian Ratliff
Nashville,45,Corporate Contracting,4801,"2605 Fessey Park Road  NASHVILLE, TN 37204",2605,Fessey Park Road,TN,NASHVILLE,37204.0,Tania Fleming
Nashville,45,EXL Garage Doors,38473,"1283 Woods Ferry Road  GALLATIN, TN 37066",1283,Woods Ferry Road,TN,GALLATIN,37066.0,Eugene Crumpton
Nashville,45,Bath Fitter,38489,"102 Evergreen Drive  SPRINGFIELD, TN 37172",102,Evergreen Drive,TN,SPRINGFIELD,37172.0,Sherry Lambrecht
Nashville,45,Fleetco Inc,38495,"3003 Brick Church Pike  NASHVILLE, TN 37207",3003,Brick Church Pike,TN,NASHVILLE,37207.0,Wayne Raymond
Nashville,45,Alfred Williams & Company,15039,"433 Allied Drive  NASHVILLE, TN 37211",433,Allied Drive,TN,NASHVILLE,37211.0,Kim Gardner
Nashville,45,ProDoor Systems,18305,"1405 Heil Quaker Blvd Ste. D  LA VERGNE, TN 37086",1405,Heil Quaker Blvd Ste. D,TN,LA VERGNE,37086.0,Chris Barnes
Nashville,45,Performance Insulation,38524,"1400-B Davidson Street  NASHVILLE, TN 37207",1400-B,Davidson Street,TN,NASHVILLE,37207.0,Tommy Jernigan
Nashville,45,ARS Rescue Rooter - San Diego,37430,"4071 Powell Ave  NASHVILLE, TN 37204",4071,Powell Ave,TN,NASHVILLE,37204.0,Greg Poteete
Nashville,45,ARCO Design/Build,38553,"400 Maddox Road  MT. JULIET, TN 37122",400,Maddox Road,TN,MT. JULIET,37122.0,David Walker
Nashville,45,Border States - Nashville,37482,"656 Wedgewood Ave  NASHVILLE, TN 37203",656,Wedgewood Ave,TN,NASHVILLE,37203.0,Rick Chatham
Nashville,45,The Kingston Group,1273,"6013 Obrien Avenue  NASHVILLE, TN 37209",6013,Obrien Avenue,TN,NASHVILLE,37209.0,Billing
Nashville,45,All Things Possible Bargain Center,17984,"3916 Clarksville Pike  NASHVILLE, TN 37218",3916,Clarksville Pike,TN,NASHVILLE,37218.0,Sam Kirk
Nashville,45,R3 Contractors,919,"2334 Southpark Drive  MURFREESBORO, TN 37218",2334,Southpark Drive,TN,MURFREESBORO,37218.0,Accounting Invoices
Nashville,45,"Mat Lasater Construction, LLC",31546,"3055 Chapel Hill Rd  CLARKSVILLE, TN 37040",3055,Chapel Hill Rd,TN,CLARKSVILLE,37040.0,Mariane Sales
Nashville,45,Lift Construction,18037,"211 Deer Park Drive  NASHVILLE, TN 37205",211,Deer Park Drive,TN,NASHVILLE,37205.0,Travis Erie
Nashville,45,Embraer,13418,"10 Airways Boulevard  NASHVILLE, TN 37217",10,Airways Boulevard,TN,NASHVILLE,37217.0,Jay Hewitt
Nashville,45,"The Porch Store, LLC",28906,"1213 Pointe Place  NASHVILLE, TN 37138",1213,Pointe Place,TN,NASHVILLE,37138.0,Allison
Nashville,45,Frontier Basement Systems,36650,"5150 Hwy 41A  JOELTON, TN 37080",5150,Hwy 41A,TN,JOELTON,37080.0,Ben Atherton
Nashville,45,Davenport & Associates,1443,"823 Cowan Street  NASHVILLE, TN 37207",823,Cowan Street,TN,NASHVILLE,37207.0,Daniel Becham
Nashville,45,Kight Millwork & Components,33530,"106 Cosma Drive  BOWLING GREEN, KY 42101",106,Cosma Drive,KY,BOWLING GREEN,42101.0,Chuck Fontanez
Nashville,45,Singletary Construction,27438,"Peachers Drive  CLARKSVILLE, TN 37042",Peachers,Drive,TN,CLARKSVILLE,37042.0,Linda Singletary
Nashville,45,MHC Kenworth - Nashville,10827,"550 Spence lane  NASHVILLE, TN 37210",550,Spence lane,TN,NASHVILLE,37210.0,Eddie Bryant
Nashville,45,Bluegrass Living,38733,"2701 industrial dr  BOWLING GREEN, KY 42101",2701,industrial dr,KY,BOWLING GREEN,42101.0,Tyler Groneck
Nashville,45,Jackson Builders,7239,"1201 Jefferson Street  NASHVILLE, TN 37208",1201,Jefferson Street,TN,NASHVILLE,37208.0,Invoice Submission
Nashville,45,Maaco Collision,1044,"5169 Hickory Hollow Parkway  NASHVILLE, TN 37013",5169,Hickory Hollow Parkway,TN,NASHVILLE,37013.0,Candace Hamilton
Nashville,45,Epco Builders,32842,"1737 14th Ave North  NASHVILLE, TN 37208",1737,14th Ave North,TN,NASHVILLE,37208.0,Elliot Parry
Nashville,45,American Heartland Manufacturing Co,38789,"757 brownslock rd  BOWLING GREEN, KY 42101",757,brownslock rd,KY,BOWLING GREEN,42101.0,Dustin Richards
Nashville,45,Nashville Fence and Deck,38690,"4903 Alabama Ave  NASHVILLE, TN 37209",4903,Alabama Ave,TN,NASHVILLE,37209.0,Trey
Nashville,45,Imagen,7808,"1299 Bridgestone Parkway  LA VERGNE, TN 37086",1299,Bridgestone Parkway,TN,LA VERGNE,37086.0,Joey
Nashville,45,Allied overhead door,18452,"7239 Haley Industrial dr  NOLENSVILLE, TN 37135",7239,Haley Industrial dr,TN,NOLENSVILLE,37135.0,Ken Earnest
Nashville,45,Supply Chain Warehouses,38845,"245 Couchville Industrial Blvd  MT. JULIET, TN 37122",245,Couchville Industrial Blvd,TN,MT. JULIET,37122.0,Sean Grady
Nashville,45,REW Materials,38695,"611 Railroad Avenue  LEBANON, TN 37087",611,Railroad Avenue,TN,LEBANON,37087.0,Manny Ortega
Nashville,45,Enterprise Solutions,7375,"1300 Fort Negley Boulevard  NASHVILLE, TN 37203",1300,Fort Negley Boulevard,TN,NASHVILLE,37203.0,Tim Jarrell
Nashville,45,Armstrong Relocation,747,"1630 Corporate Place  LA VERGNE, TN 37086",1630,Corporate Place,TN,LA VERGNE,37086.0,Daymon
Nashville,45,Ashley Home Store - DSG,32793,"225 Industrial Boulevard  SMYRNA, TN 37167",225,Industrial Boulevard,TN,SMYRNA,37167.0,s Roberts
Nashville,45,True Friends Moving Company,6547,"700 E. Old Hickory Blvd  OLD HICKORY, TN 37138",700,E. Old Hickory Blvd,TN,OLD HICKORY,37138.0,Chris Knowles
Nashville,45,American Howa Kentucky,36855,"445 Jody Richards Dr  BOWLING GREEN, KY 42101",445,Jody Richards Dr,KY,BOWLING GREEN,42101.0,Jordan Hayes
Nashville,45,Modern Homes LLC,9583,"2122 12th Avenue North  NASHVILLE, TN 37208",2122,12th Avenue North,TN,NASHVILLE,37208.0,Majic Salim
Nashville,45,Bennu Signs,14121,"1116 Fowler Street  OLD HICKORY, TN 37138",1116,Fowler Street,TN,OLD HICKORY,37138.0,Beth Bennu Billing
Nashville,45,Leebp,39015,"309 Dishman Lane  BOWLING GREEN, KY 42101",309,Dishman Lane,KY,BOWLING GREEN,42101.0,Digby Palmer
Nashville,45,Sunbelt Construction,39058,"2258 Russellville Rd  BOWLING GREEN, KY 42101",2258,Russellville Rd,KY,BOWLING GREEN,42101.0,Luke Littrell
Nashville,45,Hendrickson Trailor,39181,"151 International Boulevard  CLARKSVILLE, TN 37040",151,International Boulevard,TN,CLARKSVILLE,37040.0,S Shields
Nashville,45,Team Construction,36657,"434 Atlas Drive  NASHVILLE, TN 37211",434,Atlas Drive,TN,NASHVILLE,37211.0,Matt Mingus
Nashville,45,Hood Distribution,13383,"126 International Blvd  LA VERGNE, TN 37086",126,International Blvd,TN,LA VERGNE,37086.0,accounts payable
Nashville,45,The Onyx Group,7240,"1604 Forrest Avenue  NASHVILLE, TN 37206",1604,Forrest Avenue,TN,NASHVILLE,37206.0,James Jones
Nashville,45,Luna Custom Homes LLC,39240,"5427 Waddell Hollow Rd  FRANKLIN, TN 37064",5427,Waddell Hollow Rd,TN,FRANKLIN,37064.0,Brad Davis
Nashville,45,Collett Construction,39242,"4817 Danby Dr  NASHVILLE, TN 37211",4817,Danby Dr,TN,NASHVILLE,37211.0,Justin Collett
Nashville,45,Bando,39184,"2720 Pioneer Dr  BOWLING GREEN, KY 42101",2720,Pioneer Dr,KY,BOWLING GREEN,42101.0,Daniel Gifford
Nashville,45,Advanced Building Solutions,9920,"3325 Old Hickory Boulevard  NASHVILLE, TN 37138",3325,Old Hickory Boulevard,TN,NASHVILLE,37138.0,Maddy Wheeley
Nashville,45,Aigserv,39286,"104 Challenger Dr  PORTLAND, TN 37148",104,Challenger Dr,TN,PORTLAND,37148.0,Jason Moseley
Nashville,45,Nabholz Industrial Services,39285,"1600 Vaughn Parkway  PORTLAND, TN 37148",,,,,,Rick Marcus
Nashville,45,Mortenson,39282,"1750 Vaughn Parkway  PORTLAND, TN 37148",1750,Vaughn Parkway,TN,PORTLAND,37148.0,Connor Moretnson
Nashville,45,Magna,39344,"111 Cosma Dr  BOWLING GREEN, KY 42101",111,Cosma Dr,KY,BOWLING GREEN,42101.0,Tommy Turner
Nashville,45,Leviton Manufacturing Co,38897,"103 Leviton Dr  LEBANON, TN 37087",103,Leviton Dr,TN,LEBANON,37087.0,Blake Carter
Nashville,45,Denso,39376,"648 Couchville Pike  MT. JULIET, TN 37122",648,Couchville Pike,TN,MT. JULIET,37122.0,Matt Walter
Nashville,45,Hardaway Construction,39251,"341 Great Circle Rd  NASHVILLE, TN 37228",341,Great Circle Rd,TN,NASHVILLE,37228.0,Royce Wynn
Nashville,45,Lowe's Direct Fulfillment Center,38047,"123 Coopertown  PLEASANT VIEW, TN 37146",123,Coopertown,TN,PLEASANT VIEW,37146.0,Jasen Weber
Nashville,45,Ellis Moving and Storage,38497,"740 Hickory Industrial Dr  OLD HICKORY, TN 37138",740,Hickory Industrial Dr,TN,OLD HICKORY,37138.0,Danny Borske
Nashville,45,Homeward Custom Homes,39110,"4208 Lone Oak Rd  NASHVILLE, TN 37215",4208,Lone Oak Rd,TN,NASHVILLE,37215.0,Andrew Dyk
Nashville,45,The Cumberland on Church,11021,"555 church st  NASHVILLE, TN 37219",555,church st,TN,NASHVILLE,37219.0,David Bramlett
Nashville,45,Vardaman,39284,"1600 Vaughn Parkway  PORTLAND, TN 37148",1600,Vaughn Parkway,TN,PORTLAND,37148.0,Todd Carter
Nashville,45,Landmark Homes of Tennessee,3830,"724 Elkins Drive  LEBANON, TN 37087",724,Elkins Drive,TN,LEBANON,37087.0,Kim Pender
Nashville,45,Gold Medal Nashville,39555,"617 Old Hickory Blvd  OLD HICKORY, TN 37138",617,Old Hickory Blvd,TN,OLD HICKORY,37138.0,Tim Smith
Nashville,45,Ridgehouse Companies,39588,"661 wedgewood Ave  NASHVILLE, TN 37203",661,wedgewood Ave,TN,NASHVILLE,37203.0,Eric Janson
Nashville,45,Legend Homes,27644,"9137 Sawtooth Lane  COLLEGE GROVE, TN 37046",9137,Sawtooth Lane,TN,COLLEGE GROVE,37046.0,Justin Womack
Nashville,45,Liberty HVAC,39620,"7121 Crossroads Boulevard  BRENTWOOD, TN 37027",7121,Crossroads Boulevard,TN,BRENTWOOD,37027.0,Gary Porter
Nashville,45,Baugher Homes,39627,"329 Ash Drive  FRANKLIN, TN 37064",329,Ash Drive,TN,FRANKLIN,37064.0,Trey W/ Baugher Homes
Nashville,45,Traughber Mechanical,39670,"818 Blackjack Road  FRANKLIN, KY 42134",818,Blackjack Road,KY,FRANKLIN,42134.0,Caleb Carpenter
Nashville,45,The Gutter Professionals,32064,"905 Max Court  CLARKSVILLE, TN 37043",905,Max Court,TN,CLARKSVILLE,37043.0,Leslie Russell
Nashville,45,"Hobdy, Dye & Read Inc.",39825,"5317 Nashville Rd  BOWLING GREEN, KY 42101",5317,Nashville Rd,KY,BOWLING GREEN,42101.0,Jonathan Williams Asst. Store Manager
Nashville,45,McGriff Tire,5708,"131 Industrial Boulevard  LA VERGNE, TN 37086",131,Industrial Boulevard,TN,LA VERGNE,37086.0,Todd Coleman
Nashville,45,Thunder River Construction,14069,"200 Long Valley Road  BRENTWOOD, TN 37027",200,Long Valley Road,TN,BRENTWOOD,37027.0,Jennifer Rogers
Nashville,45,Kenny Pipe & Supply,22284,"1505 Rutledge Way  MURFREESBORO, TN 37129",1505,Rutledge Way,TN,MURFREESBORO,37129.0,Nick Stone
Nashville,45,Krosswood Doors,5860,"421 Mason Road  LA VERGNE, TN 37086",421,Mason Road,TN,LA VERGNE,37086.0,Sean Castro
Nashville,45,Material Handling Services,20270,"2603 Fessey Park Road  NASHVILLE, TN 37204",2603,Fessey Park Road,TN,NASHVILLE,37204.0,Tommy Barnes
Nashville,45,Hutson (Russellville),39929,"250 Shelton Lane  RUSSELLVILLE, KY 42276",250,Shelton Lane,KY,RUSSELLVILLE,42276.0,Nick Stuart
Nashville,45,Old Dominion,39935,"459 Scotty’s Way  BOWLING GREEN, KY 42101",459,Scotty’s Way,KY,BOWLING GREEN,42101.0,Tyler Watson
Nashville,45,Hutson (Hopkinsville),39936,"2804 Pembroke Road  HOPKINSVILLE, KY 42240",2804,Pembroke Road,KY,HOPKINSVILLE,42240.0,Shon Stewart
Nashville,45,Powell,19131,"918 Main Street  NASHVILLE, TN 37206",918,Main Street,TN,NASHVILLE,37206.0,Jacob Jacob
Nashville,45,SBP - US LUMBER / NASHVILLE (60),39981,"225 Nesbitt Lane  MADISON, TN 37115",225,Nesbitt Lane,TN,MADISON,37115.0,Bryan Ogle
Nashville,45,Schiller,40115,"1511 Vista Ln  CLARKSVILLE, TN 37043",1511,Vista Ln,TN,CLARKSVILLE,37043.0,Darren Cruz
Nashville,45,CRS Inc,23369,"1918 Elm Tree Drive  NASHVILLE, TN 37210",1918,Elm Tree Drive,TN,NASHVILLE,37210.0,Wright Brooks
Nashville,45,Metropolitan Development and Housing Agency,24618,"2316 25th Avenue North  NASHVILLE, TN 37208",2316,25th Avenue North,TN,NASHVILLE,37208.0,Andy Shepard
Nashville,45,Manning Materials,30534,"509 Ligon Drive  NASHVILLE, TN 37204",509,Ligon Drive,TN,NASHVILLE,37204.0,Sam
Nashville,45,RTC Bowling Green - 3101,40174,"251 New Porter Pike  BOWLING GREEN, KY 42103",251,New Porter Pike,KY,BOWLING GREEN,42103.0,Chris Muhlencamp
Nashville,45,Builders' Insulation,40191,"1052 Avondale Road  HENDERSONVILLE, TN 37075",1052,Avondale Road,TN,HENDERSONVILLE,37075.0,Shane Vaughn
Nashville,45,Martin Industries LLC,40170,"206 Elk Fork Rd PO Box 428  ELKTON, KY 42220",206,Elk Fork Rd PO Box 428,KY,ELKTON,42220.0,John Hall
Nashville,45,Cisaplast USA,40169,"101 industrial dr  ELKTON, KY 42220",101,industrial dr,KY,ELKTON,42220.0,Dustin Wheeler
Nashville,45,Mcc Label,40168,"701 West Main St  ELKTON, KY 42220",701,West Main St,KY,ELKTON,42220.0,Nathan L
Nashville,45,CWP Industries,40167,"508 S Streets Ave  ELKTON, KY 42220",508,S Streets Ave,KY,ELKTON,42220.0,Phil Gilkey
Nashville,45,Kevin Chumbley Enterprises,40215,"759 Hennessy Way  BOWLING GREEN, KY 42103",759,Hennessy Way,KY,BOWLING GREEN,42103.0,Kevin Chumbley
Nashville,45,Enexor Bioenergy,40266,"1 Enterprise Ct  FRANKLIN, TN 37067",1,Enterprise Ct,TN,FRANKLIN,37067.0,Matt Newman
Nashville,45,84 Lumber,40118,"595 Alfred Thun Rd  CLARKSVILLE, TN 37040",595,Alfred Thun Rd,TN,CLARKSVILLE,37040.0,Matt Hausmann
Nashville,45,Elemental Design,40418,"5500 Oakmount Cir  NASHVILLE, TN 37204",5500,Oakmount Cir,TN,NASHVILLE,37204.0,James Stover
Nashville,45,MCI,40420,"McCutcheon Road  BURNS, TN 37029",McCutcheon,Road,TN,BURNS,37029.0,Sean Kihara
Nashville,45,Comas Montgomery Realty and Auction Co,40452,"East st  MURFREESBORO, TN 37130",East,st,TN,MURFREESBORO,37130.0,Carl Carl
Nashville,45,Matt Mondelli,40453,"914 Point View  MT JULIET, TN 37122",914,Point View,TN,MT JULIET,37122.0,Matt Mondelli
Nashville,45,Nashville Gun Club,40430,"1100 County Hospital Rd  NASHVILLE, TN 37218",1100,County Hospital Rd,TN,NASHVILLE,37218.0,Josh Dickinson
Nashville,45,Crosstown,1134,"1450 Gould Boulevard  LA VERGNE, TN 37086",1450,Gould Boulevard,TN,LA VERGNE,37086.0,Accounts Payable
Nashville,45,Irwin Construction,36670,"439 Atlas Dr  NASHVILLE, TN 37211",439,Atlas Dr,TN,NASHVILLE,37211.0,Stonie Garton
Nashville,45,Cole Stanley,40532,"201 Ashton Appling Rd  AUBURN, KY 42206",201,Ashton Appling Rd,KY,AUBURN,42206.0,Cole Stanley
Nashville,45,Graystone Construction of TN,40432,"330 Centre St  PLEASANT VIEW, TN 37146",330,Centre St,TN,PLEASANT VIEW,37146.0,Glyn Baggett
Nashville,45,Denso (Hopkinsville),40498,"1405 Frank Yost Lane  HOPKINSVILLE, KY 42240",1405,Frank Yost Lane,KY,HOPKINSVILLE,42240.0,Lindsey Stamer
Nashville,45,Martinrea,40497,"1500 Frank Yost Lane  HOPKINSVILLE, KY 42240",1500,Frank Yost Lane,KY,HOPKINSVILLE,42240.0,Terrance Sowerby
Nashville,45,Pregis,40496,"1 Graham Way  HOPKINSVILLE, KY 42240",1,Graham Way,KY,HOPKINSVILLE,42240.0,Abel Vega
Nashville,45,Groupo Angolan-Kentucky,40391,"208 Commerce act  HOPKINSVILLE, KY 42240",208,Commerce act,KY,HOPKINSVILLE,42240.0,Bill Dailey
Nashville,45,Dyer Construction,34570,"3441 Dickerson Pike  NASHVILLE, TN 37207",3441,Dickerson Pike,TN,NASHVILLE,37207.0,Nat Lowe
Nashville,45,"Crofton Wood Products, Inc.",40167,"508 S Streets Ave  ELKTON, KY 42220",508,S Streets Ave,KY,ELKTON,42220.0,Phil Gilkey
Nashville,45,MTLC Commercial Properties,15743,"8080 Tennessee 100  NASHVILLE, TN 37221",8080,Tennessee 100,TN,NASHVILLE,37221.0,Steve Page
Nashville,45,T. W. Frierson,40648,"1716 Rosa L Parks Blvd  Nashvulle, TN 37208",1716,Rosa L Parks Blvd,TN,Nashvulle,37208.0,Micheal Massey
Nashville,45,Arnold Homes,12511,"2626 Clayton Arnold Road  THOMPSONS STATION, TN 37179",2626,Clayton Arnold Road,TN,THOMPSONS STATION,37179.0,Randy Arnold
Nashville,45,Dream Acres Pool Company,37480,"820 Park Ave  MURFREESBORO, TN 37129",820,Park Ave,TN,MURFREESBORO,37129.0,Jay R
Nashville,45,"RKW North America, Inc.",41064,"270 Reasonover Drive  FRANKLIN, KY 42134",270,Reasonover Drive,KY,FRANKLIN,42134.0,Shawn Wilheilm
Nashville,45,Stark Truss,34397,"822 North Main Street  FRANKLIN, KY 42134",822,North Main Street,KY,FRANKLIN,42134.0,Ben Hardison
Nashville,45,The Dutton Luxury Apartments,41072,"1345 Wenlon Drive  MURFREESBORO, TN 37130",1345,Wenlon Drive,TN,MURFREESBORO,37130.0,Vernon Johnson
Nashville,45,DH Pace/Overhead Door,41121,"1822 old murfreesboro pike  NASHVILLE, TN 37217",1822,old murfreesboro pike,TN,NASHVILLE,37217.0,frank courreges
Nashville,45,Bluegrass Chain Supply,41153,"475 Page Drive  FRANKLIN, KY 42134",475,Page Drive,KY,FRANKLIN,42134.0,Shawn Hart
Nashville,45,Titan Contracting,41283,"121 Glenmont Drive  NASHVILLE, TN 37210",121,Glenmont Drive,TN,NASHVILLE,37210.0,Ashley
Nashville,45,QC Industrial,41309,"257 Charles Garnett Dr  HOPKINSVILLE, KY 42240",257,Charles Garnett Dr,KY,HOPKINSVILLE,42240.0,Josh McClellan
Nashville,45,Bosse Construction,41477,"4305 canton pike  HOPKINSVILLE, KY 42240",4305,canton pike,KY,HOPKINSVILLE,42240.0,Joe Dowell
Nashville,45,Nashville Fireplace,7055,"2140 Edward Curd Lane  FRANKLIN, TN 37067",2140,Edward Curd Lane,TN,FRANKLIN,37067.0,Ken Fargason
Nashville,45,Nabrico / Columbia Machine Works,22997,"1250 Gateway Drive  GALLATIN, TN 37066",1250,Gateway Drive,TN,GALLATIN,37066.0,Scott Malo
Nashville,45,FSI,41660,"1714 Heil Quaker Blvd suite 160  LA VERGNE, TN 37086",1714,Heil Quaker Blvd suite 160,TN,LA VERGNE,37086.0,Tyler Underwood
Nashville,45,Pro Tech,41659,"1717 Heil Quker Blvd  LA VERGNE, TN 37086",1717,Heil Quker Blvd,TN,LA VERGNE,37086.0,James White
Nashville,45,Williamson County Solid Waste,22031,"1525 Owen Road  BRENTWOOD, TN 37027",1525,Owen Road,TN,BRENTWOOD,37027.0,Mac Nolen
Nashville,45,Rutherford County Solid Waste,16987,"5286 Murfreesboro Road  READYVILLE, TN 37149",5286,Murfreesboro Road,TN,READYVILLE,37149.0,Bishop Wagner
Nashville,45,Crane Freight Services,41819,"1010 Maddox Simpson Parkway  LEBANON, TN 37090",1010,Maddox Simpson Parkway,TN,LEBANON,37090.0,Kaleb Smith
Nashville,45,Brook & Whittle,41878,"1026 Firestone Pkwy  LA VERGNE, TN 37086",1026,Firestone Pkwy,TN,LA VERGNE,37086.0,Sam Sam
Nashville,45,H&R Agri-Power,42085,"4900 Eagle Way  HOPKINSVILLE, KY 42240",4900,Eagle Way,KY,HOPKINSVILLE,42240.0,Jim Lancaster Store Manager
Nashville,45,Lealand Constructors,42265,"249 Fourth Ave N  FRANKLIN, TN 37064",249,Fourth Ave N,TN,FRANKLIN,37064.0,Sheldon Singh
Nashville,45,LSI Landscaping,417,"7332 Tolbert Road  NASHVILLE, TN 37209",7332,Tolbert Road,TN,NASHVILLE,37209.0,LSI Accounts Payable
Nashville,45,Utopia Building Group,42498,"2975 Elm Hill Pike  NASHVILLE, TN 37214",2975,Elm Hill Pike,TN,NASHVILLE,37214.0,Leo Moreno
Nashville,45,Build Nashville,42565,"6717 Greeley Dr  NASHVILLE, TN 37205",6717,Greeley Dr,TN,NASHVILLE,37205.0,Jamie Duncan
Nashville,45,Mobile Fixture,1123,"637 Waldron Rd.  Lavernge, TN 37086",637,Waldron Rd.,TN,Lavernge,37086.0,Jay Rippy
Nashville,45,Choate Construction,34175,"4820 Cane Ridge Parkway  NASHVILLE, TN 37013",4820,Cane Ridge Parkway,TN,NASHVILLE,37013.0,Greg Pasi
Nashville,45,Craftables,42618,"800 Bill Jones Industrial Dr  SPRINGFIELD, TN 37172",800,Bill Jones Industrial Dr,TN,SPRINGFIELD,37172.0,Erin Conner
Nashville,45,Creative Logistic Warehouse,24844,"609 Enon Springs Road East  SMYRNA, TN 37167",609,Enon Springs Road East,TN,SMYRNA,37167.0,Frank McMillan
Nashville,45,Chromalox,43107,"1347 Heil Quaker Boulevard  LA VERGNE, TN 37086",1347,Heil Quaker Boulevard,TN,LA VERGNE,37086.0,Kyle Hopper
Nashville,45,Jenco Inc,43119,"920 Cadillac Avenue  NASHVILLE, TN 37204",920,Cadillac Avenue,TN,NASHVILLE,37204.0,Butcher
Nashville,45,Willow Branch Partners,332,"6909 Springwater Street  SMYRNA, TN 37167",6909,Springwater Street,TN,SMYRNA,37167.0,TJ
Nashville,45,Tractor Supply,43410,"1101 Hillview Ln  FRANKLIN, TN 37064",1101,Hillview Ln,TN,FRANKLIN,37064.0,Store Manager Lexie
Nashville,45,Roy Waldron School,24708,"125 Floyd Mayfield Drive  LA VERGNE, TN 37086",125,Floyd Mayfield Drive,TN,LA VERGNE,37086.0,Hannah Thompson
Nashville,45,Jason Senn,43433,"813 Central Ave  CLARKSVILLE, TN 37040",813,Central Ave,TN,CLARKSVILLE,37040.0,Jason Senn
Nashville,45,Volunteer fence,43504,"198 Molly drive  HENDERSONVILLE, TN 37075",198,Molly drive,TN,HENDERSONVILLE,37075.0,Troy Troy
Nashville,45,Pinnacle Truck & Trailer,43536,"176 Charter Place  Lavergne, TN 37086",176,Charter Place,TN,Lavergne,37086.0,Chuck Guinn
Nashville,45,"CRA Holdings, LLC",43552,"8304 Coles Ferry Pike  LEBANON, TN 37087",8304,Coles Ferry Pike,TN,LEBANON,37087.0,Clint Walker
Nashville,45,PBG Construction,15646,"155 Lafayette Street  NASHVILLE, TN 37210",155,Lafayette Street,TN,NASHVILLE,37210.0,Wes Rigsby
Nashville,45,Oldcastle Infrastructure,43679,"5900 E Division St  LEBANON, TN 37090",5900,E Division St,TN,LEBANON,37090.0,Kevin Thompson
Nashville,45,84 Lumber Door Shops - 1202,43677,"111 Tennessee way  HENDERSONVILLE, TN 37075",111,Tennessee way,TN,HENDERSONVILLE,37075.0,Jason Brown
Nashville,45,Darryl Hartley (personal),10468,"519 Ab Wade Road  PORTLAND, TN 37148",519,Ab Wade Road,TN,PORTLAND,37148.0,Darryl Hartley
Nashville,45,Cornerstone Nashville,32688,"726 West Old Hickory Boulevard  NASHVILLE, TN 37115",726,West Old Hickory Boulevard,TN,NASHVILLE,37115.0,Cody Hayes
Nashville,45,"Hood Company, LLC",44010,"909 Gale Ln  NASHVILLE, TN 37204",909,Gale Ln,TN,NASHVILLE,37204.0,Keith Hood
Nashville,45,Nutrien Ag Solutions,33987,"3256 Clarksville Road  RUSSELLVILLE, KY 42276",3256,Clarksville Road,KY,RUSSELLVILLE,42276.0,Earl Moberly
Nashville,45,4 Wall Entertainment,44040,"820 Cowan St  NASHVILLE, TN 37207",820,Cowan St,TN,NASHVILLE,37207.0,Zachery Heidle
Nashville,45,Elmington Construction,10972,"1030 16th Avenue  NASHVILLE, TN 37212",1030,16th Avenue,TN,NASHVILLE,37212.0,Michael Ritter
Nashville,45,Freeman Webb,31155,"612 Airpark Center Drive  NASHVILLE, TN 37217",612,Airpark Center Drive,TN,NASHVILLE,37217.0,Chris Wolfe
Nashville,45,Adler Industries,44245,"110 Lancaster RD  FRANKLIN, TN 37064",110,Lancaster RD,TN,FRANKLIN,37064.0,Ken Adler
Nashville,45,"Idlewild Custom Construction, LLC",44546,"9556 Yellow Finch Court  BRENTWOOD, TN 37027",9556,Yellow Finch Court,TN,BRENTWOOD,37027.0,Patrick Baker
Nashville,45,Home Shield LLC,44770,"1670 Elmore Rd  EAGLEVILLE, TN 37060",1670,Elmore Rd,TN,EAGLEVILLE,37060.0,Jake Izard
Nashville,45,Troy and Shanna Blackmon,44773,"2195 Carpenter Bridge Rd  COLUMBIA, TN 38401",2195,Carpenter Bridge Rd,TN,COLUMBIA,38401.0,Troy and Shanna Blackmon
Nashville,45,Glenn Enterprises,35637,"3626 Trousdale Drive  NASHVILLE, TN 37204",3626,Trousdale Drive,TN,NASHVILLE,37204.0,Philip Glenn
Nashville,45,Steadfast Group,45283,"2918 Harlin Dr  NASHVILLE, TN 37211",2918,Harlin Dr,TN,NASHVILLE,37211.0,Mike
Nashville,45,Merrell Home Improvement,45520,"445 Alfred Thun rd  CLARKSVILLE, TN 37040",445,Alfred Thun rd,TN,CLARKSVILLE,37040.0,Curtis Merrell
Nashville,45,BEACON ROOFING SUPPLY - LAVERGNE BRANCH/438,14766,"1610 Corporate Place  LA VERGNE, TN 37086",1610,Corporate Place,TN,LA VERGNE,37086.0,Cameron Meece
Nashville,45,Trinity Property Managment,45760,"111 Old Hockory Blvd  NASHVILLE, TN 37221",111,Old Hockory Blvd,TN,NASHVILLE,37221.0,Anna Durr
Nashville,45,Four Seasons Building Products - Nashville,45895,"1430 Gould Blvd  LA VERGNE, TN 37086",1430,Gould Blvd,TN,LA VERGNE,37086.0,Anthony Migliore
Nashville,45,RRW/MasTec - 47383,45955,"1975 Joe B Parkway  MURFREESBORO, TN 37127",1975,Joe B Parkway,TN,MURFREESBORO,37127.0,Dylan Grogan
Nashville,45,jarvis signs,45779,"310 Madison St  MADISON, TN 37115",310,Madison St,TN,MADISON,37115.0,Ben Jarvis
Nashville,45,RRW/ABC Technologies - 74505,46117,"515 Steam Plant Rd  GALLATIN, TN 37066",515,Steam Plant Rd,TN,GALLATIN,37066.0,Roadrunner Waste
Nashville,45,Leiva Contracting,31418,"713 Cherrywood Court  ASHLAND CITY, TN 37015",,,,,,Leiva
Nashville,45,Ron Nollner,46169,"3021 Murfreesboro Pike  ANTIOCH, TN 37013",3021,Murfreesboro Pike,TN,ANTIOCH,37013.0,Ron Nollner
Nashville,45,RRW/Ceva - 65511,46203,"505 Darrell Waltrip Dr  LEBANON, TN 37090",505,Darrell Waltrip Dr,TN,LEBANON,37090.0,RRW Ceva
Nashville,45,Nashville Plywood,15441,"910 Cherokee Ave  NASHVILLE, TN 37207",910,Cherokee Ave,TN,NASHVILLE,37207.0,Jim Agee
Nashville,45,Heather Gann,46623,"2857 Gideon Rd  Greenbriar, TN 37073",2857,Gideon Rd,TN,Greenbriar,37073.0,Heather Gann
Nashville,45,L&W Supply - Nashville South,46736,"5270 Harding Pl  NASHVILLE, TN 37217",5270,Harding Pl,TN,NASHVILLE,37217.0,Ryan Collier
Nashville,45,Johnny & Robin Ball,47049,"2149 Longview Rd  ROCKVALE, TN 37153",2149,Longview Rd,TN,ROCKVALE,37153.0,Johnny Ball
Nashville,45,OTC Industrial Technologies,47191,"1110 Gregory Drive  GALLATIN, TN 37066",1110,Gregory Drive,TN,GALLATIN,37066.0,Daniel Thoele
Nashville,45,Elpizo Fund,30533,"4007 Clarksville Highway  NASHVILLE, TN 37218",4007,Clarksville Highway,TN,NASHVILLE,37218.0,Sam Kirk
Nashville,45,TJX/ARRC - La Vergne 4130,47312,"370 New Sanford Road  LA VERGNE, TN 37086",370,New Sanford Road,TN,LA VERGNE,37086.0,Kevin Nasiatka
Nashville,45,M Pack Solutions,47347,"525 Steam Plant Rd.  GALLATIN, TN 37066",525,Steam Plant Rd.,TN,GALLATIN,37066.0,Trent Jones
Nashville,45,Protective Flooring,12805,"3349 Ambrose Avenue  NASHVILLE, TN 37207",3349,Ambrose Avenue,TN,NASHVILLE,37207.0,Sandy AP
Nashville,45,Robinson Demolition,47625,"1501 Hillside Ave  NASHVILLE, TN 37203",1501,Hillside Ave,TN,NASHVILLE,37203.0,Beau Robinson
Nashville,45,"Bandas Contracting, LLC",48007,"2703 Hawthorne Place  NASHVILLE, TN 37212",2703,Hawthorne Place,TN,NASHVILLE,37212.0,Brian Bandas
Nashville,45,Hutson Inc,48017,"411 Alfred Thun Road  CLARKSVILLE, TN 37040",411,Alfred Thun Road,TN,CLARKSVILLE,37040.0,Brad Wagoner
Nashville,45,Tritium,48229,"1420 Toshiba Dr.  LEBANON, TN 37087",1420,Toshiba Dr.,TN,LEBANON,37087.0,Tarryn Porter
Nashville,45,SRS Distribution - SSSPR,48254,"3515 Cleburne Road  SPRING HILL, TN 37174",3515,Cleburne Road,TN,SPRING HILL,37174.0,Brody Burrus
Nashville,45,Harmony Home Builders,48472,"3011 Nichols Vale Lane  MT. JULIET, TN 37122",,,,,,James Carden
Nashville,45,Corsicana Mattress Company,48515,"1 Cedar King Rd.  SHELBYVILLE, TN 37160",1,Cedar King Rd.,TN,SHELBYVILLE,37160.0,DeMarco Johnson
Nashville,45,exodus Industries,48566,"1850 General George Patton Dr. Suite B-100  FRANKLIN, TN 37067",1850,General George Patton Dr. Suite B-100,TN,FRANKLIN,37067.0,Steve Graham
Colorado Springs Pueblo,83,Arc Thrift Stores - Hancock,12492,"2780 S. Academy Blvd  COLORADO SPRINGS, CO 80916",2780,S. Academy Blvd,CO,COLORADO SPRINGS,80916.0,Marie Nestorick
Colorado Springs Pueblo,83,Arc Thrift - North Academy,14387,"7207 N. Academy Blvd  COLORADO SPRINGS, CO 80920",7207,N. Academy Blvd,CO,COLORADO SPRINGS,80920.0,Gamble Speed
Colorado Springs Pueblo,83,Beacon Roofing Supply - Pueblo Branch/151,32729,"3240 Mirror Ave  PUEBLO, CO 81004",3240,Mirror Ave,CO,PUEBLO,81004.0,Nate Cuadra
Colorado Springs Pueblo,83,JM Eagle,10763,"1742 E. Platteville Blvd.  PUEBLO, CO 81007",1742,E. Platteville Blvd.,CO,PUEBLO,81007.0,Greg Mikeska
Colorado Springs Pueblo,83,Agalite,10651,"145 William White Blvd.  PUEBLO, CO 81001",145,William White Blvd.,CO,PUEBLO,81001.0,Dave Martinez
Colorado Springs Pueblo,83,Arc Thrift Stores - Pueblo,12491,"1115 S. Prairie Ave  PUEBLO, CO 81005",1115,S. Prairie Ave,CO,PUEBLO,81005.0,Lori Montez
Colorado Springs Pueblo,83,All Phase Restoration,6768,"740 Wooten Rd #106  COLORADO SPRINGS, CO 80915",740,Wooten Rd #106,CO,COLORADO SPRINGS,80915.0,Ray Young
Colorado Springs Pueblo,83,Clearly Colorado,10179,"1935 Victor Pl ste a  COLORADO SPRINGS, CO 80915",1935,Victor Pl ste a,CO,COLORADO SPRINGS,80915.0,Tim Nickerson
Colorado Springs Pueblo,83,Arc Thrift Stores - Uintah,12493,"1830 W. Uintah, Unit A  COLORADO SPRINGS, CO 80904",1830,"W. Uintah, Unit A",CO,COLORADO SPRINGS,80904.0,Jennifer Martin
Colorado Springs Pueblo,83,Kinney Office Installations,34058,"2755 Delta Pl  COLORADO SPRINGS, CO 80910",2755,Delta Pl,CO,COLORADO SPRINGS,80910.0,Shane Kinney
Colorado Springs Pueblo,83,Schweiger Construction,31223,"4475 Forrest Hill Rd.  COLORADO SPRINGS, CO 80907",4475,Forrest Hill Rd.,CO,COLORADO SPRINGS,80907.0,Troy Vie
Colorado Springs Pueblo,83,Trane Commercial Systems,35925,"101 William White Blvd.  PUEBLO, CO 81001",101,William White Blvd.,CO,PUEBLO,81001.0,Robert Dimarco
Colorado Springs Pueblo,83,Arbor Contract Carpet,6686,"615 Valley St  COLORADO SPRINGS, CO 80915",615,Valley St,CO,COLORADO SPRINGS,80915.0,JR Guyer
Colorado Springs Pueblo,83,Foundation Building Materials,21102,"450 E. 4th St.  COLORADO SPRINGS, CO 80907",450,E. 4th St.,CO,COLORADO SPRINGS,80907.0,Neil Gaunce
Colorado Springs Pueblo,83,Snooze Mattress co,11972,"239 South Purcell Boulevard  PUEBLO WEST, CO 81007",239,South Purcell Boulevard,CO,PUEBLO WEST,81007.0,Erin Gust
Colorado Springs Pueblo,83,Apaca Van Lines - PURCHASED BY JOHNSON -Do Not Use,27931,"2445 Wayside Ct  COLORADO SPRINGS, CO 80915",2445,Wayside Ct,CO,COLORADO SPRINGS,80915.0,Sarah Owens
Colorado Springs Pueblo,83,Johnson United Storage & Moving,38483,"2445 Wayside Ct.  COLORADO SPRINGS, CO 80915",2445,Wayside Ct.,CO,COLORADO SPRINGS,80915.0,James McDowell
Colorado Springs Pueblo,83,Benfatti Furniture,11145,"3110 North Freeway  PUEBLO, CO 81008",3110,North Freeway,CO,PUEBLO,81008.0,Marie Benfatti
Colorado Springs Pueblo,83,COS-Construction,10457,"2340 Montebello Square Drive  COLORADO SPRINGS, CO 80918",2340,Montebello Square Drive,CO,COLORADO SPRINGS,80918.0,Joe Medina
Colorado Springs Pueblo,83,Bordner Home Solutions,6022,"4815 List Dr  COLORADO SPRINGS, CO 80919",4815,List Dr,CO,COLORADO SPRINGS,80919.0,Jerry Fleenor
Colorado Springs Pueblo,83,Pueblo Diversified Industry Inc.,12255,"2828 Granada Boulevard  PUEBLO, CO 81005",2828,Granada Boulevard,CO,PUEBLO,81005.0,Ed Pilot
Colorado Springs Pueblo,83,Groundworks,15904,"5695 Parachute Dr.  COLORADO SPRINGS, CO 80916",5695,Parachute Dr.,CO,COLORADO SPRINGS,80916.0,Rob Garner
Colorado Springs Pueblo,83,Haddonstone,11324,"32207 United Avenue  PUEBLO, CO 81001",32207,United Avenue,CO,PUEBLO,81001.0,Dion Trujillo
Colorado Springs Pueblo,83,Peak West Renovations,38661,"3522 N. El Paso St. Ste. C  COLORADO SPRINGS, CO 80907",3522,N. El Paso St. Ste. C,CO,COLORADO SPRINGS,80907.0,Skylar Bruchar
Colorado Springs Pueblo,83,ServPro,5941,"525 Babcock Rd  COLORADO SPRINGS, CO 80915",525,Babcock Rd,CO,COLORADO SPRINGS,80915.0,Kate Barr
Colorado Springs Pueblo,83,Alexandher Building Company,19034,"5030 Edison Avenue  COLORADO SPRINGS, CO 80915",5030,Edison Avenue,CO,COLORADO SPRINGS,80915.0,Colin Alexander
Colorado Springs Pueblo,83,TriLabs Manufacturing,38686,"615 Wooten Rd. St. 110  COLORADO SPRINGS, CO 80915",615,Wooten Rd. St. 110,CO,COLORADO SPRINGS,80915.0,Logan Treadway
Colorado Springs Pueblo,83,DMS,10137,"4285 Northpark Dr  COLORADO SPRINGS, CO 80907",4285,Northpark Dr,CO,COLORADO SPRINGS,80907.0,Ben Wupper
Colorado Springs Pueblo,83,HomePride,25644,"5078 List Dr.  COLORADO SPRINGS, CO 80919",5078,List Dr.,CO,COLORADO SPRINGS,80919.0,Robert McMahan
Colorado Springs Pueblo,83,CMC Materials,14894,"250 William White Blvd  PUEBLO, CO 81001",250,William White Blvd,CO,PUEBLO,81001.0,Jeff Harvey
Colorado Springs Pueblo,83,EPTAM,9994,"615 Wooten Rd Suite 150  COLORADO SPRINGS, CO 80915",615,Wooten Rd Suite 150,CO,COLORADO SPRINGS,80915.0,Brandon Root
Colorado Springs Pueblo,83,Care and Share,38790,"2605 Preamble Pt.  COLORADO SPRINGS, CO 80915",2605,Preamble Pt.,CO,COLORADO SPRINGS,80915.0,Shannon Coker
Colorado Springs Pueblo,83,Elder Construction,38795,"Powers and Constitution  COLORADO SPRINGS, CO 80915",Powers,and Constitution,CO,COLORADO SPRINGS,80915.0,Troy Woodard
Colorado Springs Pueblo,83,HB & S Pallets,6951,"5512 E Pikes Peak Ave  COLORADO SPRINGS, CO 80916",5512,E Pikes Peak Ave,CO,COLORADO SPRINGS,80916.0,"Hiawatha Junior"" Brice"""
Colorado Springs Pueblo,83,Champion Windows and Home Exteriors of Colorado Springs,30732,"4610 N. Chestnut St.  COLORADO SPRINGS, CO 80907",4610,N. Chestnut St.,CO,COLORADO SPRINGS,80907.0,Brandt Mingee
Colorado Springs Pueblo,83,Overhead Door of Colorado Springs,10323,"1205 Ford St  COLORADO SPRINGS, CO 80915",1205,Ford St,CO,COLORADO SPRINGS,80915.0,Rance Claypool
Colorado Springs Pueblo,83,Packaging Express,38959,"618 Garden of the Gods Rd.  COLORADO SPRINGS, CO 80907",618,Garden of the Gods Rd.,CO,COLORADO SPRINGS,80907.0,Kirby Heck
Colorado Springs Pueblo,83,Buehler Moving & Storage,7101,"1460 Newport Rd  COLORADO SPRINGS, CO 80916",1460,Newport Rd,CO,COLORADO SPRINGS,80916.0,Erik Lazard
Colorado Springs Pueblo,83,Arlun,9258,"6250 Corporate Dr  COLORADO SPRINGS, CO 80919",6250,Corporate Dr,CO,COLORADO SPRINGS,80919.0,Rick Cordova
Colorado Springs Pueblo,83,PGW - COLORADO SPRINGS / 598,5388,"2510 Aviation Way Ste. 150  COLORADO SPRINGS, CO 80916",2510,Aviation Way Ste. 150,CO,COLORADO SPRINGS,80916.0,Petchburi Saenthavisouk
Colorado Springs Pueblo,83,Colorado Cabinet Works,31637,"84 N. Dynamics Blvd.  PUEBLO WEST, CO 81007",84,N. Dynamics Blvd.,CO,PUEBLO WEST,81007.0,Greg Cozzolino
Colorado Springs Pueblo,83,PRS Flooring Supply & Distribution,7049,"3120 N El Paso St  COLORADO SPRINGS, CO 80907",3120,N El Paso St,CO,COLORADO SPRINGS,80907.0,John Hughes
Colorado Springs Pueblo,83,"Big R Holdings, Inc",12707,"100 Big R St  PUEBLO, CO 81001",100,Big R St,CO,PUEBLO,81001.0,Shawna Ausmus
Colorado Springs Pueblo,83,Western Fireplace Supply,38749,"1685 Paonia St.  COLORADO SPRINGS, CO 80915",1685,Paonia St.,CO,COLORADO SPRINGS,80915.0,Nick Compean
Colorado Springs Pueblo,83,MC Underground,5862,"7665 Red Granite Loop  COLORADO SPRINGS, CO 80939",7665,Red Granite Loop,CO,COLORADO SPRINGS,80939.0,Josh Schwarze
Colorado Springs Pueblo,83,Christofferson Commercial Builders,39474,"3239 Centennial Blvd.  COLORADO SPRINGS, CO 80907",3239,Centennial Blvd.,CO,COLORADO SPRINGS,80907.0,Andy Forshier
Colorado Springs Pueblo,83,Dahl Plumbing,19921,"4305 Sinton Rd.  COLORADO SPRINGS, CO 80907",4305,Sinton Rd.,CO,COLORADO SPRINGS,80907.0,Tee Smelser
Colorado Springs Pueblo,83,Trailer Source RV Center,39810,"4011 Sinton Rd.  COLORADO SPRINGS, CO 80907",4011,Sinton Rd.,CO,COLORADO SPRINGS,80907.0,Bart Chilton
Colorado Springs Pueblo,83,Apple Moving,39890,"3106 N. Stone Ave.  COLORADO SPRINGS, CO 80907",3106,N. Stone Ave.,CO,COLORADO SPRINGS,80907.0,Tim Fielding
Colorado Springs Pueblo,83,LKQ - Keystone Automotive,39988,"1727 Jet stream Dr  COLORADO SPRINGS, CO 80921",1727,Jet stream Dr,CO,COLORADO SPRINGS,80921.0,Blade Hall
Colorado Springs Pueblo,83,Bennett Holdings LLC,11840,"59 North Laser Drive  PUEBLO WEST, CO 81007",59,North Laser Drive,CO,PUEBLO WEST,81007.0,Augie Smith - old
Colorado Springs Pueblo,83,ServiceMaster Restore,40171,"702 Nichols Blvd.  COLORADO SPRINGS, CO 80907",702,Nichols Blvd.,CO,COLORADO SPRINGS,80907.0,Justin Egeler
Colorado Springs Pueblo,83,K Ventures LLC dba Regional Collision,40392,"1235 Valley St.  COLORADO SPRINGS, CO 80915",1235,Valley St.,CO,COLORADO SPRINGS,80915.0,Ken Kvols
Colorado Springs Pueblo,83,Hotel Rehabs,40393,"2875 Zeppelin  COLORADO SPRINGS, CO 80916",2875,Zeppelin,CO,COLORADO SPRINGS,80916.0,Dan Tully
Colorado Springs Pueblo,83,Midwest Garage Door,40433,"1125 N. Newport Rd., Suite 110  COLORADO SPRINGS, CO 80916",1125,"N. Newport Rd., Suite 110",CO,COLORADO SPRINGS,80916.0,Dewey Stewart
Colorado Springs Pueblo,83,The Garrett Companies,40414,"6867 Crest Hill View  COLORADO SPRINGS, CO 80918",6867,Crest Hill View,CO,COLORADO SPRINGS,80918.0,Dave Farley
Colorado Springs Pueblo,83,Iron mountain demolition,13509,"75 Talamine Court  COLORADO SPRINGS, CO 80907",75,Talamine Court,CO,COLORADO SPRINGS,80907.0,Patrick Meade
Colorado Springs Pueblo,83,YRC Freight,33842,"4810 Northpark Dr.  COLORADO SPRINGS, CO 80918",4810,Northpark Dr.,CO,COLORADO SPRINGS,80918.0,Mike Mirizio
Colorado Springs Pueblo,83,Pikes Peak Moving & Storage,40864,"30 Mount View Lane  COLORADO SPRINGS, CO 80907",30,Mount View Lane,CO,COLORADO SPRINGS,80907.0,Mike Mike
Colorado Springs Pueblo,83,Springs Mountain Water,41347,"4120 N. Nevada Ave.  COLORADO SPRINGS, CO 80907",4120,N. Nevada Ave.,CO,COLORADO SPRINGS,80907.0,Rick Baker
Colorado Springs Pueblo,83,First General Services,41501,"1625 Tuskegee Pl. #160  COLORADO SPRINGS, CO 80915",1625,Tuskegee Pl. #160,CO,COLORADO SPRINGS,80915.0,Randy Hedrick
Colorado Springs Pueblo,83,CC Restoration,40107,"1735 Jet Stream Dr  COLORADO SPRINGS, CO 80916",1735,Jet Stream Dr,CO,COLORADO SPRINGS,80916.0,Eileen Zarkovacki
Colorado Springs Pueblo,83,Arrow Moving & Storage,41636,"2885 Janitel Dr.  COLORADO SPRINGS, CO 80906",2885,Janitel Dr.,CO,COLORADO SPRINGS,80906.0,James Patterson
Colorado Springs Pueblo,83,Microchip,41796,"1150 E Cheyenne Mountain Blvd.  COLORADO SPRINGS, CO 80906",1150,E Cheyenne Mountain Blvd.,CO,COLORADO SPRINGS,80906.0,David Moravek
Colorado Springs Pueblo,83,Frontgrade,41591,"4350 Centennial Blvd.  COLORADO SPRINGS, CO 80907",4350,Centennial Blvd.,CO,COLORADO SPRINGS,80907.0,Michael Allen
Colorado Springs Pueblo,83,Kurt Manufacturing Company,14585,"32500 Excellence Ave.  PUEBLO, CO 81001",32500,Excellence Ave.,CO,PUEBLO,81001.0,Michael Sandoval
Colorado Springs Pueblo,83,Hammers Construction,42079,"165 Spectrum Loop  COLORADO SPRINGS, CO 80921",165,Spectrum Loop,CO,COLORADO SPRINGS,80921.0,Mike Fluegel
Colorado Springs Pueblo,83,Junk-N-Haul,42151,"3115 Glenarm Rd  COLORADO SPRINGS, CO 80911",3115,Glenarm Rd,CO,COLORADO SPRINGS,80911.0,Fred Tolerico
Colorado Springs Pueblo,83,Monster Fence Company,20650,"3630 N. Stone Ave.  COLORADO SPRINGS, CO 80907",3630,N. Stone Ave.,CO,COLORADO SPRINGS,80907.0,Mike Aycock
Colorado Springs Pueblo,83,ARC Thrift Stores Austin Bluffs,12494,"4402 Austin Bluffs Parkway  COLORADO SPRINGS, CO 80918",4402,Austin Bluffs Parkway,CO,COLORADO SPRINGS,80918.0,Annie Hovenic
Colorado Springs Pueblo,83,Hampton Holdings LLC,22139,"5525 erindale dr  COLORADO SPRINGS, CO 80918",5525,erindale dr,CO,COLORADO SPRINGS,80918.0,Peter Krzyzanowski
Colorado Springs Pueblo,83,Sovereign Plastics,42566,"880 Elkton Dr.  COLORADO SPRINGS, CO 80907",880,Elkton Dr.,CO,COLORADO SPRINGS,80907.0,Jeff Landers
Colorado Springs Pueblo,83,Alpine Lumber,42569,"3370 Drennan Industrial Loop S  COLORADO SPRINGS, CO 80910",3370,Drennan Industrial Loop S,CO,COLORADO SPRINGS,80910.0,Beau Janes
Colorado Springs Pueblo,83,Winnelson,42786,"725 Geiger Ct.  COLORADO SPRINGS, CO 80915",725,Geiger Ct.,CO,COLORADO SPRINGS,80915.0,Tim Grant
Colorado Springs Pueblo,83,MHC Colorado Springs - South,41638,"2215 Rand Ave.  COLORADO SPRINGS, CO 80906",2215,Rand Ave.,CO,COLORADO SPRINGS,80906.0,Mike Applegarth
Colorado Springs Pueblo,83,Boyd Lighting,5866,"1455 Vapor Trail  COLORADO SPRINGS, CO 80916",1455,Vapor Trail,CO,COLORADO SPRINGS,80916.0,Ron Merriam
Colorado Springs Pueblo,83,Ace Hardware Corporation,42881,"5520 Astrozon Blvd.  COLORADO SPRINGS, CO 80915",5520,Astrozon Blvd.,CO,COLORADO SPRINGS,80915.0,Kirk Mach
Colorado Springs Pueblo,83,Colorad Springs School District11 Transportation,39893,"5240 Geiger Blvd  COLORADO SPRINGS, CO 80915",5240,Geiger Blvd,CO,COLORADO SPRINGS,80915.0,Brian Kelly
Colorado Springs Pueblo,83,Lohmiller & Company (Carrier West),43074,"930 Newport Rd.  COLORADO SPRINGS, CO 80916",930,Newport Rd.,CO,COLORADO SPRINGS,80916.0,Mike Powers
Colorado Springs Pueblo,83,"Alcorn Construction, Inc.",43078,"950 Newport Rd.  COLORADO SPRINGS, CO 80916",950,Newport Rd.,CO,COLORADO SPRINGS,80916.0,Doug Viita
Colorado Springs Pueblo,83,EVRAZ,31754,"2100 N. Fwy Rd.  PUEBLO, CO 81004",2100,N. Fwy Rd.,CO,PUEBLO,81004.0,Alex Bechthold
Colorado Springs Pueblo,83,BlueSky Restoration,9826,"5355 Centennial Boulevard  COLORADO SPRINGS, CO 80919",5355,Centennial Boulevard,CO,COLORADO SPRINGS,80919.0,Jason White
Colorado Springs Pueblo,83,Gulfco Manufacturing,43188,"1 Atlas Ave  PUEBLO, CO 81001",1,Atlas Ave,CO,PUEBLO,81001.0,Brian Hickey
Colorado Springs Pueblo,83,Concepts In Millwork Inc,43230,"1490 Tuskegee Place  COLORADO SPRINGS, CO 80915",1490,Tuskegee Place,CO,COLORADO SPRINGS,80915.0,Miguel Federico
Colorado Springs Pueblo,83,HVAC Solutions Inc,42745,"655 Elkton Dr.  COLORADO SPRINGS, CO 80907",655,Elkton Dr.,CO,COLORADO SPRINGS,80907.0,Jonathan Shifrin
Colorado Springs Pueblo,83,Pilatus Management LLC,43341,"4401 Regent St  CASTLE ROCK, CO 80104",4401,Regent St,CO,CASTLE ROCK,80104.0,Charlie Marker
Colorado Springs Pueblo,83,Renewal By Andersen,6162,"5045 List Dr  COLORADO SPRINGS, CO 80919",5045,List Dr,CO,COLORADO SPRINGS,80919.0,Igor Nazarchuk
Colorado Springs Pueblo,83,Sunset Stone,43380,"702 Prairie Hawk Dr  CASTLE ROCK, CO 80109",702,Prairie Hawk Dr,CO,CASTLE ROCK,80109.0,Shannon Del Rio
Colorado Springs Pueblo,83,The Contents Company,20812,"4850 Northpark Dr  COLORADO SPRINGS, CO 80918",4850,Northpark Dr,CO,COLORADO SPRINGS,80918.0,Anthony Contrascere
Colorado Springs Pueblo,83,Quality Homes Construction,43866,"3680 Citadel Dr.  COLORADO SPRINGS, CO 80909",3680,Citadel Dr.,CO,COLORADO SPRINGS,80909.0,George Judson Jr.
Colorado Springs Pueblo,83,Southern Tire Mart,44043,"4050 CLUB MANOR DR  PUEBLO, CO 81008",4050,CLUB MANOR DR,CO,PUEBLO,81008.0,Dennis McKenzie
Colorado Springs Pueblo,83,Builders FirstSource - Lumber Division,16341,"2810 Capital Dr.  COLORADO SPRINGS, CO 80939",2810,Capital Dr.,CO,COLORADO SPRINGS,80939.0,Edward Hinojosa
Colorado Springs Pueblo,83,Builders First Source - Glass,25476,"2810 Capital Dr.  COLORADO SPRINGS, CO 80939",2810,Capital Dr.,CO,COLORADO SPRINGS,80939.0,Mike Groppi
Colorado Springs Pueblo,83,Paul Davis Restoration,44562,"7939 Red Granite Loop  COLORADO SPRINGS, CO 80939",7939,Red Granite Loop,CO,COLORADO SPRINGS,80939.0,Brent Cowell
Colorado Springs Pueblo,83,Homeowner,44566,"1210 E. Ivanhoe Dr  PUEBLO WEST, CO 81007",1210,E. Ivanhoe Dr,CO,PUEBLO WEST,81007.0,Jamie Martinez
Colorado Springs Pueblo,83,CS Wind America,44712,"100 Tower Rd  PUEBLO, CO 81004",100,Tower Rd,CO,PUEBLO,81004.0,Andy UNK
Colorado Springs Pueblo,83,ESTES Express Lines,41580,"110 Mount View Lane  COLORADO SPRINGS, CO 80907",110,Mount View Lane,CO,COLORADO SPRINGS,80907.0,Jeff Meadows
Colorado Springs Pueblo,83,Builders First Source - Lumber (Drennan),44941,"3250 Drennan Industrial Loop North  COLORADO SPRINGS, CO 80910",3250,Drennan Industrial Loop North,CO,COLORADO SPRINGS,80910.0,Matt Hummel
Colorado Springs Pueblo,83,OUT OF SERVICE,2148,"12345 any street dr  COLORADO SPRINGS, CO 80907",12345,any street dr,CO,COLORADO SPRINGS,80907.0,Carly Hellick
Colorado Springs Pueblo,83,Boreas Campers,45020,"3004 S Prairie Ave  PUEBLO, CO 81005",3004,S Prairie Ave,CO,PUEBLO,81005.0,Maggie Reichel
Colorado Springs Pueblo,83,Holman Group - Colorado Springs CO,7422,"2425 East Platte Place  COLORADO SPRINGS, CO 80909",2425,East Platte Place,CO,COLORADO SPRINGS,80909.0,Josh Axtman
Colorado Springs Pueblo,83,Safelite AutoGlass,7285,"4825 Centennial Blvd  COLORADO SPRINGS, CO 80919",4825,Centennial Blvd,CO,COLORADO SPRINGS,80919.0,Dave Savoy
Colorado Springs Pueblo,83,Peak Home Performance,45285,"1125 Aeroplaza Dr.  COLORADO SPRINGS, CO 80915",1125,Aeroplaza Dr.,CO,COLORADO SPRINGS,80915.0,Mike Gallegos
Colorado Springs Pueblo,83,Ferguson Enterprises - Residential Business Group,45301,"4875 Northpark Dr.  COLORADO SPRINGS, CO 80918",4875,Northpark Dr.,CO,COLORADO SPRINGS,80918.0,Jeremy Jamarillo
Colorado Springs Pueblo,83,Crump Construction Co,37786,"173 South Stardust Circle  PUEBLO WEST, CO 81007",173,South Stardust Circle,CO,PUEBLO WEST,81007.0,Gary Crump
Colorado Springs Pueblo,83,Colorado Living,44813,"3525 North Cascade Avenue  COLORADO SPRINGS, CO 80907",3525,North Cascade Avenue,CO,COLORADO SPRINGS,80907.0,Ryan Tuttle
Colorado Springs Pueblo,83,AmeriDri,45465,"30 Buchanan St #50E  COLORADO SPRINGS, CO 80907",30,Buchanan St #50E,CO,COLORADO SPRINGS,80907.0,Ben Stratman
Colorado Springs Pueblo,83,Pueblo West Storage,11460,"359 East Enterprise Drive  PUEBLO WEST, CO 81007",359,East Enterprise Drive,CO,PUEBLO WEST,81007.0,Josh Allison
Colorado Springs Pueblo,83,A&E Tire Inc,43641,"1795 N Main St  COLORADO SPRINGS, CO 80915",1795,N Main St,CO,COLORADO SPRINGS,80915.0,Mike Munrau
Colorado Springs Pueblo,83,Precision Garage Door of Colorado Springs - PDSCO228,43009,"761 Seedling Ct.  COLORADO SPRINGS, CO 80915",761,Seedling Ct.,CO,COLORADO SPRINGS,80915.0,Jayson Zortman
Colorado Springs Pueblo,83,Lighthouse Flooring,46503,"6120 Stadia Ct  COLORADO SPRINGS, CO 80915",6120,Stadia Ct,CO,COLORADO SPRINGS,80915.0,Uriah Uriah
Colorado Springs Pueblo,83,Elevate Lamdscapes,46388,"1560 Tuskegee Pl  COLORADO SPRINGS, CO 80915",1560,Tuskegee Pl,CO,COLORADO SPRINGS,80915.0,Joe Duran
Colorado Springs Pueblo,83,Century Communities,46680,"400 Millwall Circle  CASTLE PINES, CO 80108",400,Millwall Circle,CO,CASTLE PINES,80108.0,Chuck Moorman
Colorado Springs Pueblo,83,"Evergreen Devco, Inc.",43302,"1973  COLORADO SPRINGS, CO 80907",1973,,CO,COLORADO SPRINGS,80907.0,Travis McClure
Colorado Springs Pueblo,83,Complete Construction Services,47083,"7875 Silicone Heights  COLORADO SPRINGS, CO 80922",7875,Silicone Heights,CO,COLORADO SPRINGS,80922.0,Mike Call
Colorado Springs Pueblo,83,Cooper Heating & Cooling,47321,"4767 Town Center Point  COLORADO SPRINGS, CO 80916",4767,Town Center Point,CO,COLORADO SPRINGS,80916.0,Mike Gearhart
Colorado Springs Pueblo,83,Action Team Realty,47343,"4214 Kincannon Road  COLORADO SPRINGS, CO 80906",4214,Kincannon Road,CO,COLORADO SPRINGS,80906.0,Chris Morrison
Colorado Springs Pueblo,83,Colvin Builders,47378,"11545 Green Acres Lane  BLACK FOREST, CO 80908",11545,Green Acres Lane,CO,BLACK FOREST,80908.0,Kevin Colvin
Colorado Springs Pueblo,83,AirTech Mechanical,7256,"1944 AeroTech dr  COLORADO SPRINGS, CO 80916",1944,AeroTech dr,CO,COLORADO SPRINGS,80916.0,Walt Hall
Colorado Springs Pueblo,83,ARCO/Murray National Construction,47635,"1755 Telstar Drive  COLORADO SPRINGS, CO 80920",1755,Telstar Drive,CO,COLORADO SPRINGS,80920.0,John Lijoi
Colorado Springs Pueblo,83,Rusin,48020,"4004 Mark Dabling Blvd.  COLORADO SPRINGS, CO 80907",4004,Mark Dabling Blvd.,CO,COLORADO SPRINGS,80907.0,Ray Hiles
Colorado Springs Pueblo,83,Key Structures,48185,"319 Lockheed St.  PUEBLO, CO 81001",319,Lockheed St.,CO,PUEBLO,81001.0,D       Don Busby
Colorado Springs Pueblo,83,Aktore International,48554,"60 Greenhorn Dr.  PUEBLO, CO 81004",60,Greenhorn Dr.,CO,PUEBLO,81004.0,David Nunez
Jacksonville North,39,CHEP Services - Jacksonville 2,6148,"3509 Port Jacksonville Pkwy  JACKSONVILLE, FL 32226",3509,Port Jacksonville Pkwy,FL,JACKSONVILLE,32226.0,Melissa Ferreere
Jacksonville North,39,Guardian Cable Systems,32646,"1310 Harbor Road  GREEN COVE SPRINGS, FL 32043",1310,Harbor Road,FL,GREEN COVE SPRINGS,32043.0,Shane Fansler
Jacksonville North,39,Aadvantage Relocation,3151,"550 Gun Club Road  JACKSONVILLE, FL 32218",550,Gun Club Road,FL,JACKSONVILLE,32218.0,Michael McNeil
Jacksonville North,39,Presto Plumbing,21352,"3383 West Beaver St.  JACKSONVILLE, FL 32254",3383,West Beaver St.,FL,JACKSONVILLE,32254.0,Deborah
Jacksonville North,39,Otis Elevator,37865,"6602 Executive Park Ct N, Suite 205  JACKSONVILLE, FL 32216",6602,"Executive Park Ct N, Suite 205",FL,JACKSONVILLE,32216.0,Michael Davis
Jacksonville North,39,Donovan Marine,5760,"5061 Shawland Road  JACKSONVILLE, FL 32254",5061,Shawland Road,FL,JACKSONVILLE,32254.0,Chris Cantu
Jacksonville North,39,JB Hunt Transport,18420,"13910 Alvarez Rd.  JACKSONVILLE, FL 32218",13910,Alvarez Rd.,FL,JACKSONVILLE,32218.0,JB Hunt Group
Jacksonville North,39,Barcardi,28231,"3559 Port Jacksonville Pkwy  JACKSONVILLE, FL 32226",3559,Port Jacksonville Pkwy,FL,JACKSONVILLE,32226.0,Dena Dayton
Jacksonville North,39,Vigneaux,28537,"5863 W Beaver St  JACKSONVILLE, FL 32254",5863,W Beaver St,FL,JACKSONVILLE,32254.0,Brian T Davis
Jacksonville North,39,Custom Wholesale Floors,18293,"2655 N Dawin Rd  JACKSONVILLE, FL 32207",2655,N Dawin Rd,FL,JACKSONVILLE,32207.0,Chris McGuire
Jacksonville North,39,South East Towers,20007,"11202 St. Johns Industrial Parkway North  JACKSONVILLE, FL 32246",11202,St. Johns Industrial Parkway North,FL,JACKSONVILLE,32246.0,Darrick
Jacksonville North,39,Baymeadows Moving and Storage,8169,"6419-1 Phillips Hwy  JACKSONVILLE, FL 32216",6419-1,Phillips Hwy,FL,JACKSONVILLE,32216.0,Dispatch Dispatch
Jacksonville North,39,BP Environmental - West Shore Homes/Jacksonville,33257,"1333 Tradeport Drive  JACKSONVILLE, FL 32218",1333,Tradeport Drive,FL,JACKSONVILLE,32218.0,Jeff Wendig
Jacksonville North,39,Advanced Wheel Sales,37708,"1200 N Ellis Rd, #4  JACKSONVILLE, FL 32254",1200,"N Ellis Rd, #4",FL,JACKSONVILLE,32254.0,Eric Brooks
Jacksonville North,39,T&C Industries,1540,"8215 Westside Industrial Drive, Unit 200  JACKSONVILLE, FL 32219",8215,"Westside Industrial Drive, Unit 200",FL,JACKSONVILLE,32219.0,Caleb Belanger
Jacksonville North,39,Raintree Graphics,22115,"5921 Richard St  JACKSONVILLE, FL 32216",5921,Richard St,FL,JACKSONVILLE,32216.0,Cindy Kinnear
Jacksonville North,39,Arrowhead Engineered Products,25797,"2737 Ignition Dr  JACKSONVILLE, FL 32218",2737,Ignition Dr,FL,JACKSONVILLE,32218.0,Shane Lew
Jacksonville North,39,Winlectric,7829,"114 Park Street  JACKSONVILLE, FL 32204",114,Park Street,FL,JACKSONVILLE,32204.0,Chris Wright
Jacksonville North,39,Air Van Inc,15278,"11070 Cabot Commerce Circle  JACKSONVILLE, FL 32226",11070,Cabot Commerce Circle,FL,JACKSONVILLE,32226.0,Scott Perry
Jacksonville North,39,Flat Glass Distributors,2695,"5355 Shawland Road  JACKSONVILLE, FL 32254",5355,Shawland Road,FL,JACKSONVILLE,32254.0,Ron Rein
Jacksonville North,39,Closet Factory - Jacksonville,22082,"2628 Port Industrial Dr, Unit 703  JACKSONVILLE, FL 32226",2628,"Port Industrial Dr, Unit 703",FL,JACKSONVILLE,32226.0,Marty Flores
Jacksonville North,39,Consolidated Electrical Distributors,3148,"2068 Edison Avenue  JACKSONVILLE, FL 32204",2068,Edison Avenue,FL,JACKSONVILLE,32204.0,Richard Telfair
Jacksonville North,39,American Metal Supply,7316,"2000 Lewis Industrial Drive  JACKSONVILLE, FL 32254",2000,Lewis Industrial Drive,FL,JACKSONVILLE,32254.0,Kenny Wiggins
Jacksonville North,39,Metal Sales,32304,"7110 Stuart Ave  JACKSONVILLE, FL 32254",7110,Stuart Ave,FL,JACKSONVILLE,32254.0,Aaron Marietta
Jacksonville North,39,World Construction,22053,"6005 Powers Avenue  JACKSONVILLE, FL 32217",6005,Powers Avenue,FL,JACKSONVILLE,32217.0,Garry Cofer
Jacksonville North,39,Premier Outdoor,24468,"4827 Phillips Hwy  JACKSONVILLE, FL 32207",4827,Phillips Hwy,FL,JACKSONVILLE,32207.0,Erica David
Jacksonville North,39,West Rock,34389,"1400 Tradeport Drive  JACKSONVILLE, FL 32218",1400,Tradeport Drive,FL,JACKSONVILLE,32218.0,Craig Schuster
Jacksonville North,39,Southern Recreation,28431,"4060 Edison Ave  JACKSONVILLE, FL 32254",4060,Edison Ave,FL,JACKSONVILLE,32254.0,Terry Rogers
Jacksonville North,39,Tradewinds Climate Systems,22447,"1750 Airport Rd  JACKSONVILLE, FL 32218",1750,Airport Rd,FL,JACKSONVILLE,32218.0,Bill Ball
Jacksonville North,39,RTC Jacksonville East - 1711,38948,"11430 New Berlin Rd  JACKSONVILLE, FL 32226",11430,New Berlin Rd,FL,JACKSONVILLE,32226.0,Laura Henk
Jacksonville North,39,Alpha Foundations,27314,"55 Industrial Loop Drive North  ORANGE PARK, FL 32073",55,Industrial Loop Drive North,FL,ORANGE PARK,32073.0,Brett Stanaland
Jacksonville North,39,SunPro Solar - Jacksonville,21888,"6602 Executive Park Ct N, Suite 207-208  JACKSONVILLE, FL 32216",6602,"Executive Park Ct N, Suite 207-208",FL,JACKSONVILLE,32216.0,Michael Herrington
Jacksonville North,39,Sarah Furniture,33053,"3811 University Blvd West, #4  JACKSONVILLE, FL 32217",,,,,,Eddie Awad
Jacksonville North,39,Red Oak Logistics,17259,"4831 Bulls Bay Highway  JACKSONVILLE, FL 32219",4831,Bulls Bay Highway,FL,JACKSONVILLE,32219.0,Toni Carter
Jacksonville North,39,Habijax,5702,"2404 Hubbard Street  JACKSONVILLE, FL 32206",2404,Hubbard Street,FL,JACKSONVILLE,32206.0,Tom Cassaro
Jacksonville North,39,Cintas,39105,"1595 Transport Ct  JACKSONVILLE, FL 32218",1595,Transport Ct,FL,JACKSONVILLE,32218.0,Clee Ezell
Jacksonville North,39,Hellava Good Deal,39192,"3811 University Blvd, Suite 23  JACKSONVILLE, FL 32217",3811,"University Blvd, Suite 23",FL,JACKSONVILLE,32217.0,Jason Helluva
Jacksonville North,39,"Midtown Centre Office, LLC",10858,"1809 Art Museum Drive  JACKSONVILLE, FL 32207",1809,Art Museum Drive,FL,JACKSONVILLE,32207.0,Sherron Jones
Jacksonville North,39,Vista Products,28070,"8801 Corporate Square Ct  JACKSONVILLE, FL 32216",8801,Corporate Square Ct,FL,JACKSONVILLE,32216.0,Matthew Cline
Jacksonville North,39,New Market Waste/McKesson - 213 (CS006604),39857,"4815 Executive Park Ct  JACKSONVILLE, FL 32216",4815,Executive Park Ct,FL,JACKSONVILLE,32216.0,Jaye Sablon
Jacksonville North,39,JWT trucking,39406,"5100 Pickett Dr  JACKSONVILLE, FL 32219",5100,Pickett Dr,FL,JACKSONVILLE,32219.0,Jake Wood
Jacksonville North,39,**Williams Sonoma,39931,"4259 Perimeter Industrial Parkway West  JACKSONVILLE, FL 32219",4259,Perimeter Industrial Parkway West,FL,JACKSONVILLE,32219.0,Azara Yoza
Jacksonville North,39,New Market Waste/McKesson - 104 (006668),39858,"8100 Westside Industrial Dr  JACKSONVILLE, FL 32219",8100,Westside Industrial Dr,FL,JACKSONVILLE,32219.0,Levi Shannon
Jacksonville North,39,Mattress Makers USA,31517,"7660 Gainesville Ave  JACKSONVILLE, FL 32208",7660,Gainesville Ave,FL,JACKSONVILLE,32208.0,Brandon Turner
Jacksonville North,39,Florida Hardware,28437,"436 Cassat Ave  JACKSONVILLE, FL 32254",436,Cassat Ave,FL,JACKSONVILLE,32254.0,Dennis Perron
Jacksonville North,39,USPS,19493,"10089 North Main Street  JACKSONVILLE, FL 32218",10089,North Main Street,FL,JACKSONVILLE,32218.0,Cynthea Boyson
Jacksonville North,39,Kitchen USA,40175,"6965 Philips Hwy  JACKSONVILLE, FL 32216",6965,Philips Hwy,FL,JACKSONVILLE,32216.0,Haley Dapprich
Jacksonville North,39,Reads Moving Systems,12673,"6411 Phillips Hwy  JACKSONVILLE, FL 32216",6411,Phillips Hwy,FL,JACKSONVILLE,32216.0,Jim Dix
Jacksonville North,39,Paul Davis,40490,"2111 N Liberty St  JACKSONVILLE, FL 32206",2111,N Liberty St,FL,JACKSONVILLE,32206.0,Randall Minor
Jacksonville North,39,Hughes Supply,2697,"5501 Commonwealth Avenue  JACKSONVILLE, FL 32254",5501,Commonwealth Avenue,FL,JACKSONVILLE,32254.0,Antwain Tomlin
Jacksonville North,39,48Forty,40664,"5402 W 1st St  JACKSONVILLE, FL 32254",5402,W 1st St,FL,JACKSONVILLE,32254.0,Robert Collier
Jacksonville North,39,RTC Jacksonville - 1705,20941,"5175 West Beaver Street  JACKSONVILLE, FL 32254",5175,West Beaver Street,FL,JACKSONVILLE,32254.0,Chuck Selby
Jacksonville North,39,AJC and Eagle Logistics,15437,"11084 Cabot Commerce Circle Building 4 Suite 100  JACKSONVILLE, FL 32226",11084,Cabot Commerce Circle Building 4 Suite 100,FL,JACKSONVILLE,32226.0,Dion Worthen
Jacksonville North,39,Skypaxxx,15348,"2155 Ellis Rd N #1  JACKSONVILLE, FL 32254",2155,Ellis Rd N #1,FL,JACKSONVILLE,32254.0,Nicole Lockhart
Jacksonville North,39,American Building Supply,17592,"75 Industrial Loop South Suite B  ORANGE PARK, FL 32073",75,Industrial Loop South Suite B,FL,ORANGE PARK,32073.0,John Baldridge
Jacksonville North,39,United Marble Granite and Tile,36844,"4051 Philips Hwy, Suite 8  JACKSONVILLE, FL 32207",4051,"Philips Hwy, Suite 8",FL,JACKSONVILLE,32207.0,Jacob Kilic
Jacksonville North,39,Hilex Poly,17369,"500 Ellis Road N  JACKSONVILLE, FL 32254",500,Ellis Road N,FL,JACKSONVILLE,32254.0,Heath Yohey
Jacksonville North,39,Tom Nehl,15608,"417 Edgewood Ave S  JACKSONVILLE, FL 32254",417,Edgewood Ave S,FL,JACKSONVILLE,32254.0,Gerald Garcia
Jacksonville North,39,RWFS - Jacksonville,37614,"2725 College St  JACKSONVILLE, FL 32205",2725,College St,FL,JACKSONVILLE,32205.0,Stephanie Warr
Jacksonville North,39,Miami Warehouse Logistics,42305,"330 Stevens St  JACKSONVILLE, FL 32254",330,Stevens St,FL,JACKSONVILLE,32254.0,Abraham Rivera
Jacksonville North,39,Florida Home Air Conditioning,32668,"4211 Emerson St  JACKSONVILLE, FL 32207",4211,Emerson St,FL,JACKSONVILLE,32207.0,Brandon Griffis
Jacksonville North,39,Metropolitan Warehouse,42742,"2280 Lane Ave N  JACKSONVILLE, FL 32254",2280,Lane Ave N,FL,JACKSONVILLE,32254.0,Ken Spencer
Jacksonville North,39,Exact Inc,6267,"5285 Ramona Blvd.  JACKSONVILLE, FL 32205",5285,Ramona Blvd.,FL,JACKSONVILLE,32205.0,Justin McCullough
Jacksonville North,39,Jacksonville Flower Market,43360,"9731 Beach Blvd, Suite 1  JACKSONVILLE, FL 32246",9731,"Beach Blvd, Suite 1",FL,JACKSONVILLE,32246.0,Jason Seals
Jacksonville North,39,Southeastern Aluminum Products,14505,"3525 Imeson Road  JACKSONVILLE, FL 32220",3525,Imeson Road,FL,JACKSONVILLE,32220.0,Elaine Vlassis
Jacksonville North,39,Citrus Distillers,28380,"2222 Harper St  JACKSONVILLE, FL 32204",2222,Harper St,FL,JACKSONVILLE,32204.0,Dustin Skartved
Jacksonville North,39,Crowley,43161,"2831 Talleyrand Avenue  JACKSONVILLE, FL 32206",2831,Talleyrand Avenue,FL,JACKSONVILLE,32206.0,Patrick Tamasitis
Jacksonville North,39,Unipart,43481,"13389 International Pkwy  JACKSONVILLE, FL 32218",13389,International Pkwy,FL,JACKSONVILLE,32218.0,Jeffery Elam
Jacksonville North,39,Carpet Image Services,44132,"3615 Southside Blvd  JACKSONVILLE, FL 32216",3615,Southside Blvd,FL,JACKSONVILLE,32216.0,Alonzo Alonzo
Jacksonville North,39,TFORCE FREIGHT-JAX (F)/Jacksonville,27853,"4600 Walgreen Rd  JACKSONVILLE, FL 32209",4600,Walgreen Rd,FL,JACKSONVILLE,32209.0,Dalton Moore
Jacksonville North,39,Total Distribution,24392,"600 Ellis Rd N  JACKSONVILLE, FL 32254",600,Ellis Rd N,FL,JACKSONVILLE,32254.0,Darron Rhodes
Jacksonville North,39,Jaguar Power Sports,44919,"4052 University Blvd S  JACKSONVILLE, FL 32216",4052,University Blvd S,FL,JACKSONVILLE,32216.0,Nancy Ellis
Jacksonville North,39,JaxCo Furniture,1536,"9978 Atlantic Blvd.  JACKSONVILLE, FL 32225",9978,Atlantic Blvd.,FL,JACKSONVILLE,32225.0,Mike McCann
Jacksonville North,39,Shoreline Capital,34333,"1057 Broward Rd  JACKSONVILLE, FL 32218",1057,Broward Rd,FL,JACKSONVILLE,32218.0,Ari Licht
Jacksonville North,39,Simple Signman,46048,"6602 Executive Park Ct. N, #201  JACKSONVILLE, FL 32216",6602,"Executive Park Ct. N, #201",FL,JACKSONVILLE,32216.0,Walt Wilson
Jacksonville North,39,Salvage Florida,46476,"26 Industrial Loop Dr E  ORANGE PARK, FL 32073",26,Industrial Loop Dr E,FL,ORANGE PARK,32073.0,Mitch Wilcox
Jacksonville North,39,CES,16433,"4601-203 Bulls Bay Highway  JACKSONVILLE, FL 32219",4601-203,Bulls Bay Highway,FL,JACKSONVILLE,32219.0,Vernon Peterson
Jacksonville North,39,Shipping And Handling,12804,"4344 Phillips Hwy  JACKSONVILLE, FL 32207",4344,Phillips Hwy,FL,JACKSONVILLE,32207.0,Dale Leath
Jacksonville North,39,BJ's Wholesale - Jacksonville,46674,"4500 Directors Rd  JACKSONVILLE, FL 32220",4500,Directors Rd,FL,JACKSONVILLE,32220.0,Robert Brooks
Jacksonville North,39,Fenetex,46252,"259 Ellis Rd S  JACKSONVILLE, FL 32254",259,Ellis Rd S,FL,JACKSONVILLE,32254.0,Diane Bruce
Jacksonville North,39,PuroClean - Jacksonville,47108,"1057 Ellis Rd N, Suite 12  JACKSONVILLE, FL 32254",1057,"Ellis Rd N, Suite 12",FL,JACKSONVILLE,32254.0,Wayne Terry
Jacksonville North,39,Veritiv - Jacksonville FL,28077,"7735 Westside Industrial Drive  JACKSONVILLE, FL 32219",7735,Westside Industrial Drive,FL,JACKSONVILLE,32219.0,Courtney Crawford
Jacksonville North,39,Floor & Decor - 103 Jacksonville,31626,"8102 Blanding Blvd  JACKSONVILLE, FL 32244",8102,Blanding Blvd,FL,JACKSONVILLE,32244.0,Shamika Dorsett
Jacksonville North,39,General Truck,47379,"5310 Broadway Ave  JACKSONVILLE, FL 32254",5310,Broadway Ave,FL,JACKSONVILLE,32254.0,Ricky Jarriel
Jacksonville North,39,Blevins,47383,"6740 Broadway Ave  JACKSONVILLE, FL 32254",6740,Broadway Ave,FL,JACKSONVILLE,32254.0,Kevin Greer
Jacksonville North,39,Five Star Floors,48036,"5556 Spring Park Rd  JACKSONVILLE, FL 32216",5556,Spring Park Rd,FL,JACKSONVILLE,32216.0,Belinda Bruun
Jacksonville North,39,ASM Global,48227,"1 TIAA Bank Field Drive  JACKSONVILLE, FL 32202",1,TIAA Bank Field Drive,FL,JACKSONVILLE,32202.0,Danny Williams
Jacksonville North,39,Arizona Shower Door,48493,"8100-1 Westside Industrial Drive  JACKSONVILLE, FL 32219",,,,,,Greg Smoot
Jacksonville North,39,FCC Cabinets,1075,"1030 Ellis Road North  JACKSONVILLE, FL 32254",1030,Ellis Road North,FL,JACKSONVILLE,32254.0,Tami Powell
Jacksonville North,39,Puro Clean,47108,"1057 Ellis Rd N, Suite 12  JACKSONVILLE, FL 32254",1057,"Ellis Rd N, Suite 12",FL,JACKSONVILLE,32254.0,Wayne Terry
